[2025-07-14T08:52:52.076Z] {"type":"server_created","server_id":"6369869a-e841-4a30-a460-ef1090b2b579","user_id":316244055,"ip_address":"193.141.126.51","flavor":"2 Core, 2GB RAM, 40GB SSD","os":"packer/ubuntu-22.04-20250412","key_name":"test-316244055-9327af1f","server_type":"test"}
[2025-07-14T08:59:59.871Z] {"type":"server_created","server_id":"8ba5898c-96b9-46f1-84b3-a98227b7cd4a","server_name":"Elite-Host-a1c6","user_id":316244055,"ip_address":"193.141.126.250","flavor":"2 Core, 2GB RAM, 40GB SSD","os":"packer/ubuntu-22.04-20250412","billing_cycle":"hourly","price":3000,"key_name":"user-316244055-cf19d408","server_type":"purchased"}
[2025-07-14T09:00:24.987Z] {"type":"server_deleted","server_id":"8ba5898c-96b9-46f1-84b3-a98227b7cd4a","user_id":316244055}
[2025-07-14T09:00:33.115Z] {"type":"server_deleted","server_id":"14d045ff-116c-4269-af8c-3acbe95dc699","user_id":316244055}
[2025-07-14T09:00:40.711Z] {"type":"server_deleted","server_id":"6369869a-e841-4a30-a460-ef1090b2b579","user_id":316244055}
[2025-07-14T09:00:49.635Z] {"type":"server_deleted","server_id":"238c5252-70d1-4115-a39e-d65e4daaef09","user_id":316244055}
[2025-07-14T09:00:56.116Z] {"type":"server_deleted","server_id":"1160492f-72a3-400a-b9ef-0b2e41d703dc","user_id":316244055}
[2025-07-14T09:13:32.727Z] {"type":"server_created","server_id":"a1cc87ce-1f7d-4968-89c2-3c08e4c32626","server_name":"Fusion-Node-a18e","user_id":316244055,"ip_address":"193.141.126.153","flavor":"2 Core, 2GB RAM, 40GB SSD","os":"packer/ubuntu-22.04-20250412","billing_cycle":"daily","price":48000,"key_name":"user-316244055-2a0f5bd6","server_type":"purchased"}
[2025-07-14T11:17:35.474Z] {"type":"server_created","server_id":"ab70b9e6-b2e6-449a-a6c9-3821d33e922b","server_name":"Hyper-Instance-50e1","user_id":316244055,"ip_address":"193.141.126.229","flavor":"2 Core, 2GB RAM, 40GB SSD","os":"packer/ubuntu-22.04-20250412","key_name":"test-316244055-ae204571","server_type":"test"}
[2025-07-14T11:17:54.050Z] {"type":"server_created","server_id":"6315af05-aa54-446d-bbd1-f207a41c0711","server_name":"Global-Host-361d","user_id":316244055,"ip_address":"193.141.126.28","flavor":"2 Core, 2GB RAM, 40GB SSD","os":"packer/ubuntu-22.04-20250412","billing_cycle":"weekly","price":180000,"key_name":"user-316244055-de34db99","server_type":"purchased","price_per_gb":500,"download_only":0}
[2025-07-14T11:34:20.715Z] {"type":"server_deleted","server_id":"a1cc87ce-1f7d-4968-89c2-3c08e4c32626","user_id":316244055}
[2025-07-14T11:36:06.337Z] {"type":"server_created","server_id":"96f517f4-b39d-4bf7-bd47-39328fc0782c","server_name":"Cloudy-Nest-8214","user_id":316244055,"ip_address":"193.141.126.180","flavor":"2 Core, 2GB RAM, 40GB SSD","os":"packer/ubuntu-22.04-20250412","billing_cycle":"hourly","price":3000,"key_name":"user-316244055-25023768","server_type":"purchased","price_per_gb":500,"download_only":0}
[2025-07-14T13:17:21.597Z] {"type":"server_created","server_id":"23b3c4de-f414-4a22-a4b4-ecbc64afb365","server_name":"Global-Hub-bd29","user_id":316244055,"ip_address":"193.141.126.131","flavor":"2 Core, 2GB RAM, 40GB SSD","os":"firewall/pfSense-CE-2.7.2","billing_cycle":"hourly","price":3000,"key_name":"user-316244055-097b9f55","server_type":"purchased","price_per_gb":500,"download_only":0}
[2025-07-14T13:20:15.878Z] {"type":"server_created","server_id":"d5c6e54d-f83f-4d42-a9b6-4f0b7b289ae7","server_name":"Secure-Grid-7d7e","user_id":316244055,"ip_address":"193.141.126.123","flavor":"4 Core, 8GB RAM, 100GB SSD","os":"packer/ubuntu-24.04-20250412","billing_cycle":"hourly","price":7306,"key_name":"user-316244055-5d73f819","server_type":"purchased","price_per_gb":500,"download_only":0}
[2025-07-14T13:22:21.104Z] {"type":"server_created","server_id":"7a175b7e-9cfc-4b4e-ae66-b70ba180b018","server_name":"Hyper-Box-5963","user_id":316244055,"ip_address":"193.141.126.137","flavor":"4 Core, 4GB RAM, 80GB SSD","os":"packer/ubuntu-20.04-20250412","billing_cycle":"hourly","price":5600,"key_name":"user-316244055-dff0d1d4","server_type":"purchased","price_per_gb":500,"download_only":0}
[2025-07-14T13:23:52.758Z] {"type":"server_deleted","server_id":"8b638712-f8d7-4652-ab53-284c2f29023f","user_id":316244055}
[2025-07-14T13:26:56.029Z] {"type":"server_created","server_id":"be1d1dbd-e013-4df5-b93e-370a48f0b88d","server_name":"Apex-Host-dc8c","user_id":316244055,"ip_address":null,"flavor":"2 Core, 2GB RAM, 40GB SSD","os":"packer/alma-8-20250203","billing_cycle":"hourly","price":3000,"key_name":"user-316244055-a3e68132","server_type":"purchased","price_per_gb":500,"download_only":0}
[2025-07-14T13:29:48.143Z] {"type":"server_created","server_id":"b3730f92-45e7-47bc-94ad-220af0e44b89","server_name":"Cloudy-Server-fc89","user_id":316244055,"ip_address":null,"flavor":"2 Core, 2GB RAM, 40GB SSD","os":"packer/alma-9-20250203","billing_cycle":"hourly","price":3000,"key_name":"user-316244055-96bb6873","server_type":"purchased","price_per_gb":500,"download_only":0}
[2025-07-14T15:09:17.636Z] {"type":"server_created","server_id":"d6547625-b0d5-4245-b164-e3420762f28c","server_name":"Zenith-Spark-204d","user_id":316244055,"ip_address":null,"flavor":"2 Core, 2GB RAM, 40GB SSD","os":"packer/rocky-9-20250203","billing_cycle":"hourly","price":3000,"key_name":"user-316244055-ee2cadda","server_type":"purchased","price_per_gb":500,"download_only":0}
[2025-07-14T15:09:38.057Z] {"type":"server_deleted","server_id":"d6547625-b0d5-4245-b164-e3420762f28c","user_id":316244055}
[2025-07-14T15:09:43.425Z] {"type":"server_deleted","server_id":"b3730f92-45e7-47bc-94ad-220af0e44b89","user_id":316244055}
[2025-07-14T15:11:44.345Z] {"type":"server_created","server_id":"dbc309c8-e670-4951-aeef-bba1af0c7401","server_name":"Apex-Vault-44b1","user_id":316244055,"ip_address":null,"flavor":"2 Core, 2GB RAM, 40GB SSD","os":"packer/debian-12-20250203","billing_cycle":"daily","price":48000,"key_name":"user-316244055-2a8db51f","server_type":"purchased","price_per_gb":500,"download_only":0}
[2025-07-14T15:12:35.497Z] {"type":"server_deleted","server_id":"dbc309c8-e670-4951-aeef-bba1af0c7401","user_id":316244055}
[2025-07-14T15:14:55.511Z] {"type":"server_created","server_id":"2a9ddfb4-4b95-4d66-adbb-4b7e84410a74","server_name":"Secure-Box-f86f","user_id":316244055,"ip_address":null,"flavor":"2 Core, 2GB RAM, 40GB SSD","os":"packer/debian-11-20250203","billing_cycle":"daily","price":48000,"key_name":"user-316244055-2580cd6d","server_type":"purchased","price_per_gb":500,"download_only":0}
[2025-07-14T16:50:03.817Z] {"type":"server_created","server_id":"6d2de943-1ea0-456f-86b7-1e5409c084b7","server_name":"Zenith-Nest-19ae","user_id":316244055,"ip_address":null,"flavor":"2 Core, 2GB RAM, 40GB SSD","os":"Fedora","billing_cycle":"hourly","price":3500,"key_name":"user-316244055-4ebbc5a2","server_type":"purchased","price_per_gb":500,"download_only":0}
[2025-07-14T17:00:47.017Z] {"type":"server_created","server_id":"711933b7-282e-4a0b-8e06-e79659130b3a","server_name":"Zenith-Server-6903","user_id":316244055,"ip_address":null,"flavor":"2 Core, 2GB RAM, 40GB SSD","os":"packer/debian-11-20250203","billing_cycle":"hourly","price":3500,"key_name":"user-316244055-dd9d126d","server_type":"purchased","price_per_gb":500,"download_only":0}
[2025-07-14T17:09:26.041Z] {"type":"server_created","server_id":"746dbd17-e97d-4cc4-b585-eea30578d147","server_name":"Elite-Instance-3a3e","user_id":316244055,"ip_address":null,"flavor":"2 Core, 2GB RAM, 40GB SSD","os":"Ubuntu-24.04","billing_cycle":"hourly","price":3500,"key_name":"user-316244055-facd2d19","server_type":"purchased","price_per_gb":500,"download_only":0}
[2025-07-14T17:11:22.712Z] {"type":"server_created","server_id":"5a880bef-b0f7-4c68-ab86-9a932400f13f","server_name":"Apex-Vault-423c","user_id":316244055,"ip_address":null,"flavor":"2 Core, 2GB RAM, 40GB SSD","os":"Mikrotik","billing_cycle":"hourly","price":3500,"key_name":"user-316244055-1f79c458","server_type":"purchased","price_per_gb":500,"download_only":0}
[2025-07-14T17:25:48.208Z] {"type":"server_created","server_id":"97e46723-569e-4900-ae59-4fff8525d918","server_name":"Cloudy-Server-2ddb","user_id":316244055,"ip_address":null,"flavor":"2 Core, 2GB RAM, 40GB SSD","os":"Ubuntu-22.04","billing_cycle":"hourly","price":3500,"key_name":"user-316244055-ae636467","server_type":"purchased","price_per_gb":500,"download_only":0}
[2025-07-14T17:31:34.136Z] {"type":"server_deleted","server_id":"d5c6e54d-f83f-4d42-a9b6-4f0b7b289ae7","user_id":316244055}
[2025-07-14T17:31:44.528Z] {"type":"server_deleted","server_id":"7a175b7e-9cfc-4b4e-ae66-b70ba180b018","user_id":316244055}
[2025-07-14T17:32:19.007Z] {"type":"server_deleted","server_id":"96f517f4-b39d-4bf7-bd47-39328fc0782c","user_id":316244055}
[2025-07-14T17:32:35.513Z] {"type":"server_deleted","server_id":"23b3c4de-f414-4a22-a4b4-ecbc64afb365","user_id":316244055}
[2025-07-14T17:49:06.761Z] {"type":"server_created","server_id":"93df6710-36d5-4fa7-be3a-528fb6ffedc8","server_name":"Swift-Vault-6eb2","user_id":316244055,"ip_address":"193.141.126.135","flavor":"1 Core, 1GB RAM, 20GB SSD","os":"Ubuntu-20.04","billing_cycle":"hourly","price":2000,"key_name":"user-316244055-944eeca9","server_type":"purchased","price_per_gb":500,"download_only":0}
[2025-07-14T18:30:01.527Z] {"type":"server_suspended_insufficient_funds","server_id":"6315af05-aa54-446d-bbd1-f207a41c0711","server_name":null,"user_id":"316244055","required_cost":180000,"current_balance":81017.42857142852}
[2025-07-14T18:30:02.883Z] {"type":"server_suspended_insufficient_funds","server_id":"dbc309c8-e670-4951-aeef-bba1af0c7401","server_name":"Apex-Vault-44b1","user_id":"316244055","required_cost":48000,"current_balance":32258.42857142852}
[2025-07-14T18:30:03.280Z] {"type":"server_suspended_insufficient_funds","server_id":"2a9ddfb4-4b95-4d66-adbb-4b7e84410a74","server_name":"Secure-Box-f86f","user_id":"316244055","required_cost":48000,"current_balance":32258.42857142852}
[2025-07-14T19:30:01.747Z] {"type":"server_suspended_insufficient_funds","server_id":"d5c6e54d-f83f-4d42-a9b6-4f0b7b289ae7","server_name":"Secure-Grid-7d7e","user_id":"316244055","required_cost":7306,"current_balance":6758.4285714285215}
[2025-07-14T19:30:02.295Z] {"type":"server_suspended_insufficient_funds","server_id":"8b638712-f8d7-4652-ab53-284c2f29023f","server_name":"Fusion-Node-0e36","user_id":"316244055","required_cost":3853,"current_balance":1158.4285714285215}
[2025-07-14T19:30:02.710Z] {"type":"server_suspended_insufficient_funds","server_id":"be1d1dbd-e013-4df5-b93e-370a48f0b88d","server_name":"Apex-Host-dc8c","user_id":"316244055","required_cost":3000,"current_balance":1158.4285714285215}
[2025-07-14T19:30:03.072Z] {"type":"server_suspended_insufficient_funds","server_id":"b3730f92-45e7-47bc-94ad-220af0e44b89","server_name":"Cloudy-Server-fc89","user_id":"316244055","required_cost":3000,"current_balance":1158.4285714285215}
[2025-07-14T19:30:03.401Z] {"type":"server_suspended_insufficient_funds","server_id":"d6547625-b0d5-4245-b164-e3420762f28c","server_name":"Zenith-Spark-204d","user_id":"316244055","required_cost":3000,"current_balance":1158.4285714285215}
[2025-07-14T19:30:03.950Z] {"type":"server_suspended_insufficient_funds","server_id":"6d2de943-1ea0-456f-86b7-1e5409c084b7","server_name":"Zenith-Nest-19ae","user_id":"316244055","required_cost":3500,"current_balance":1158.4285714285215}
[2025-07-14T19:30:04.300Z] {"type":"server_suspended_insufficient_funds","server_id":"711933b7-282e-4a0b-8e06-e79659130b3a","server_name":"Zenith-Server-6903","user_id":"316244055","required_cost":3500,"current_balance":1158.4285714285215}
[2025-07-14T19:30:04.667Z] {"type":"server_suspended_insufficient_funds","server_id":"746dbd17-e97d-4cc4-b585-eea30578d147","server_name":"Elite-Instance-3a3e","user_id":"316244055","required_cost":3500,"current_balance":1158.4285714285215}
[2025-07-14T19:30:05.048Z] {"type":"server_suspended_insufficient_funds","server_id":"5a880bef-b0f7-4c68-ab86-9a932400f13f","server_name":"Apex-Vault-423c","user_id":"316244055","required_cost":3500,"current_balance":1158.4285714285215}
[2025-07-14T19:30:05.452Z] {"type":"server_suspended_insufficient_funds","server_id":"97e46723-569e-4900-ae59-4fff8525d918","server_name":"Cloudy-Server-2ddb","user_id":"316244055","required_cost":3500,"current_balance":1158.4285714285215}
[2025-07-14T19:30:05.882Z] {"type":"server_suspended_insufficient_funds","server_id":"93df6710-36d5-4fa7-be3a-528fb6ffedc8","server_name":"Swift-Vault-6eb2","user_id":"316244055","required_cost":2000,"current_balance":1158.4285714285215}
[2025-07-14T20:30:01.536Z] {"type":"server_suspended_insufficient_funds","server_id":"96f517f4-b39d-4bf7-bd47-39328fc0782c","server_name":null,"user_id":"316244055","required_cost":3000,"current_balance":1158.4285714285215}
[2025-07-14T20:30:01.895Z] {"type":"server_suspended_insufficient_funds","server_id":"23b3c4de-f414-4a22-a4b4-ecbc64afb365","server_name":"Global-Hub-bd29","user_id":"316244055","required_cost":3000,"current_balance":1158.4285714285215}
[2025-07-14T20:30:02.343Z] {"type":"server_suspended_insufficient_funds","server_id":"7a175b7e-9cfc-4b4e-ae66-b70ba180b018","server_name":"Hyper-Box-5963","user_id":"316244055","required_cost":5600,"current_balance":1158.4285714285215}
[2025-07-15T11:55:37.037Z] {"type":"server_created","server_id":"2eae9088-321d-4746-8bce-0a2b298a8c6f","server_name":"Secure-Instance-53e7","user_id":316244055,"ip_address":null,"flavor":"2 Core, 2GB RAM, 40GB SSD","os":"Alma-8","billing_cycle":"hourly","initial_debit_price":972,"hourly_instance_cost":972,"key_name":"user-316244055-96922f50","server_type":"purchased","price_per_gb":500,"download_only":0,"boot_volume_id":null,"boot_method":"image"}
[2025-07-15T11:58:10.711Z] {"type":"server_created","server_id":"1420e47d-05e7-4967-a8b0-4f62e46b4123","server_name":"Elite-Instance-304b","user_id":316244055,"ip_address":"193.141.126.220","flavor":"4 Core, 8GB RAM, 100GB SSD","os":"Mikrotik","billing_cycle":"hourly","initial_debit_price":2030,"hourly_instance_cost":2030,"key_name":"user-316244055-140bc112","server_type":"purchased","price_per_gb":500,"download_only":0,"boot_volume_id":null,"boot_method":"image"}
[2025-07-15T13:29:06.691Z] {"type":"server_created","server_id":"fe3bef2b-c99f-4e99-803c-5e222cdcf0da","server_name":"Apex-Box-e88c","user_id":316244055,"ip_address":"193.141.126.98","flavor":"2 Core, 2GB RAM, 40GB SSD","os":"Mikrotik","billing_cycle":"hourly","initial_debit_price":972,"hourly_instance_cost":972,"key_name":"user-316244055-7b989db9","server_type":"purchased","price_per_gb":500,"download_only":0,"boot_volume_id":"f1aa0ca9-6c47-4e21-b045-e1e479fc593e","boot_method":"volume"}
[2025-07-15T17:02:24.260Z] {"type":"server_deleted","server_id":"b728cf72-73d1-4d71-9ea0-2d3d41ada72f","user_id":316244055,"boot_volume_id":"2807f2fc-07b5-468b-ae8f-b8e898622da5","boot_method":"volume"}
[2025-07-15T17:15:44.448Z] {"type":"server_deleted","server_id":"f032d3e2-c595-43c8-af1c-701effd146f6","user_id":316244055,"boot_volume_id":"92bb3aad-5c07-4b79-b4a0-300175e536e8","boot_method":"volume"}
[2025-07-16T13:30:04.485Z] {"type":"server_deleted","server_id":"f05475ba-b4cf-4499-a2f8-79b532ad9a18","user_id":"316244055","boot_volume_id":"5e8909f0-862b-4a84-b030-bb39808518c8","boot_method":"volume"}
[2025-07-17T09:32:03.068Z] {"type":"server_deleted","server_id":"d2db54ba-b060-4d1e-acd5-64d19d0801bb","user_id":"316244055","boot_volume_id":"6a49d006-74ed-44b6-a6c9-8a41f5bcecc9","boot_method":"volume"}
[2025-07-19T08:43:34.343Z] {"type":"server_deleted","server_id":"04502df5-5f11-4de5-aeb5-8ee05d64c6f2","user_id":"316244055","boot_volume_id":"bcf629bf-2645-4d37-a84a-1c2b3ac2fd58","boot_method":"volume"}
[2025-07-19T09:00:47.691Z] {"type":"server_created","server_id":"e8497cac-01eb-4025-8a64-a7e03c094a76","server_name":"Cloudy-Instance-6849","user_id":"7609451974","ip_address":"193.141.126.235","flavor":"2 Core, 2GB RAM, 40GB SSD","os":"Ubuntu-22.04","key_name":"test-7609451974-961e3c51","server_type":"test","boot_volume_id":null,"boot_method":"image"}
[2025-07-20T03:18:19.557Z] {"type":"server_created","server_id":"3922f9b3-fcbe-4066-8685-a8afad9252e2","server_name":"Cloudy-Node-e2cb","user_id":"1822546973","ip_address":"193.141.126.126","flavor":"2 Core, 2GB RAM, 40GB SSD","os":"Ubuntu-22.04","key_name":"test-1822546973-ab4df1b2","server_type":"test","boot_volume_id":null,"boot_method":"image"}
[2025-07-20T07:09:57.028Z] {"type":"server_created","server_id":"99b43003-7957-49df-8c30-d6685de2944f","server_name":"Secure-Grid-c48c","user_id":"1822546973","ip_address":"193.141.126.157","flavor":"2 Core, 2GB RAM, 40GB SSD","os":"Ubuntu-22.04","key_name":"test-1822546973-bc307916","server_type":"test","boot_volume_id":null,"boot_method":"image"}
[2025-07-20T09:38:23.991Z] {"type":"server_created","server_id":"c6d422d9-a2cd-44ae-9495-1455853acd86","server_name":"Core-Node-9c60","user_id":"7609451974","ip_address":"193.141.126.14","flavor":"2 Core, 2GB RAM, 40GB SSD","os":"Ubuntu-22.04","key_name":"test-7609451974-4eebe0a3","server_type":"test","boot_volume_id":null,"boot_method":"image"}
[2025-07-20T09:39:43.777Z] {"type":"server_created","server_id":"11dc465c-0c74-42e0-bb88-4f323b629d16","server_name":"Core-Host-fdfe","user_id":"316244055","ip_address":"193.141.126.83","flavor":"2 Core, 2GB RAM, 40GB SSD","os":"Ubuntu-22.04","key_name":"test-316244055-aa6999d0","server_type":"test","boot_volume_id":null,"boot_method":"image"}
[2025-07-20T11:03:28.502Z] {"type":"server_created","server_id":"daf3bc0f-35be-487b-8a24-7ed1a321831e","server_name":"Cloudy-Vault-4b2b","user_id":"316244055","ip_address":"193.141.126.66","flavor":"2 Core, 2GB RAM, 40GB SSD","os":"Ubuntu-22.04","key_name":"test-316244055-afd3689e","server_type":"test","boot_volume_id":null,"boot_method":"image"}
[2025-07-30T08:20:06.432Z] {"type":"server_created","server_id":"78905083-1047-419e-9271-9e4f0087f244","server_name":"Zenith-Server-2ca2","user_id":"6066993018","ip_address":"193.141.126.22","flavor":"2 Core, 2GB RAM, 40GB SSD","os":"Ubuntu-22.04","key_name":"test-6066993018-0baab297","server_type":"test","boot_volume_id":null,"boot_method":"image"}
[2025-07-30T20:51:16.950Z] {"type":"server_created","server_id":"469e076a-d174-4af9-86f4-e8e891565e95","server_name":"Elite-Hub-8617","user_id":"1041041783","ip_address":"193.141.126.14","flavor":"2 Core, 2GB RAM, 40GB SSD","os":"Ubuntu-22.04","key_name":"test-1041041783-b1ec05eb","server_type":"test","boot_volume_id":null,"boot_method":"image"}
[2025-08-02T15:26:52.265Z] {"type":"server_created","server_id":"30fbb903-7af7-479b-a54b-65f87b933674","user_id":"316244055","datacenter":"tebyan"}
[2025-08-02T16:26:45.129Z] {"type":"server_created","server_id":"02d3a0e6-70eb-459e-8007-549eaa4a3040","user_id":"316244055","datacenter":"tehran"}
[2025-08-02T16:28:45.113Z] {"type":"server_deleted","server_id":"02d3a0e6-70eb-459e-8007-549eaa4a3040","user_id":"316244055","datacenter":"tehran"}
[2025-08-03T13:13:12.790Z] {"type":"server_created","server_id":"9e965a0f-b335-4fda-b34b-5f30e56aa376","user_id":"316244055","datacenter":"respina"}
[2025-08-03T13:57:26.869Z] {"type":"test_server_created","server_id":"7f75d82f-3179-4fd5-b232-9e679bf20d8f","user_id":"316244055","datacenter":"tebyan"}
[2025-08-03T13:58:27.624Z] {"type":"test_server_created","server_id":"585830bf-6a7a-403a-8948-baf093dfad83","user_id":"316244055","datacenter":"tebyan"}
[2025-08-03T13:58:52.876Z] {"type":"test_server_created","server_id":"bee34912-bc97-40bc-a02a-63d14d4e7ad2","user_id":"316244055","datacenter":"tebyan"}
[2025-08-03T14:15:41.423Z] {"type":"test_server_created","server_id":"a13ee2bb-cdea-4d9b-a91c-0e5d5f1b8398","user_id":"316244055","datacenter":"respina"}
[2025-08-03T14:16:11.721Z] {"type":"test_server_created","server_id":"cee93708-16cd-458f-80c1-81db8b1f20d8","user_id":"316244055","datacenter":"tebyan"}
[2025-08-03T14:16:27.208Z] {"type":"test_server_created","server_id":"4018bf5c-2f6c-45bd-a44f-453c46fbcbb7","user_id":"316244055","datacenter":"respina"}
[2025-08-03T14:17:14.406Z] {"type":"test_server_created","server_id":"617ef7d5-4825-4547-872f-9bca43b360d6","user_id":"316244055","datacenter":"respina"}
[2025-08-03T14:28:00.045Z] {"type":"test_server_created","server_id":"71ac4a05-7022-4fe6-924c-4b0208f8a86b","user_id":"316244055","datacenter":"tebyan"}
[2025-08-03T14:29:11.194Z] {"type":"test_server_created","server_id":"5b7ada44-11a3-4ae5-a215-d1dd401a394f","user_id":"316244055","datacenter":"tebyan"}
[2025-08-03T15:44:34.416Z] {"type":"test_server_created","server_id":"a42e6c77-c18e-46ea-9847-014f58ae299a","user_id":"316244055","datacenter":"tebyan"}
[2025-08-03T15:49:01.505Z] {"type":"test_server_created","server_id":"39388c0f-3373-4fce-a759-84772619adba","user_id":"316244055","datacenter":"tebyan"}
[2025-08-03T15:49:35.515Z] {"type":"test_server_created","server_id":"60b20889-137f-40ce-9320-d16aa07d3113","user_id":"316244055","datacenter":"tebyan"}
[2025-08-03T15:53:28.590Z] {"type":"test_server_created","server_id":"452d74ef-aecb-48b2-8d44-cb0d8bffa12b","user_id":"316244055","datacenter":"tebyan"}
[2025-08-03T19:11:22.675Z] {"type":"server_deleted","server_id":"60b20889-137f-40ce-9320-d16aa07d3113","user_id":"316244055","datacenter":"tebyan"}
[2025-08-03T19:11:28.957Z] {"type":"server_deleted","server_id":"39388c0f-3373-4fce-a759-84772619adba","user_id":"316244055","datacenter":"tebyan"}
[2025-08-07T09:23:13.002Z] {"type":"test_server_created","server_id":"76095f85-842d-4ef7-83e0-785e893ac439","user_id":"62327915","datacenter":"tebyan"}
[2025-08-07T09:29:58.545Z] {"type":"test_server_created","server_id":"b0ed551a-1729-4cac-b83c-951da67be5cd","user_id":"133240492","datacenter":"tehran"}
[2025-08-07T10:51:01.225Z] {"type":"test_server_created","server_id":"8dfb7016-006f-4a30-b9ad-80ee05d05285","user_id":"36242076","datacenter":"tebyan"}
[2025-08-07T10:51:56.602Z] {"type":"server_deleted","server_id":"8dfb7016-006f-4a30-b9ad-80ee05d05285","user_id":"36242076","datacenter":"tebyan"}
[2025-08-07T11:25:53.260Z] {"type":"test_server_created","server_id":"baef2742-b74c-4f59-8860-ad75e623bc6b","user_id":"6117997054","datacenter":"respina"}
[2025-08-08T16:27:03.797Z] {"type":"test_server_created","server_id":"3f7e5976-78c8-495f-8738-ed0e43635d1b","user_id":"6695768213","datacenter":"respina"}
[2025-08-09T06:19:41.645Z] {"type":"test_server_created","server_id":"acc9b5a9-6def-4aed-bdc4-e0c841dbbe6f","user_id":"278494814","datacenter":"respina"}
[2025-08-09T06:21:12.604Z] {"type":"test_server_created","server_id":"1053f8a0-f93e-497e-b01c-e21e72567dc1","user_id":"5736022857","datacenter":"tebyan"}
[2025-08-09T07:43:59.623Z] {"type":"test_server_created","server_id":"779a4ff9-809f-402b-90cb-c55eb53900c4","user_id":"29699835","datacenter":"tebyan"}
[2025-08-09T07:44:23.277Z] {"type":"test_server_created","server_id":"0da3a8bd-1ddb-41db-b0b2-38ebf3c15d32","user_id":"799648261","datacenter":"tebyan"}
[2025-08-09T07:51:15.553Z] {"type":"server_created","server_id":"9e1f4fea-e565-42f9-bbda-0e1bcace0fcb","user_id":"73490583","datacenter":"tebyan"}
[2025-08-09T07:52:58.223Z] {"type":"server_deleted","server_id":"0da3a8bd-1ddb-41db-b0b2-38ebf3c15d32","user_id":"799648261","datacenter":"tebyan"}
[2025-08-09T07:53:37.949Z] {"type":"test_server_created","server_id":"98ebb8c7-561d-40c7-b660-e4f9be7b85cc","user_id":"1109805385","datacenter":"tebyan"}
[2025-08-09T07:55:25.452Z] {"type":"server_deleted","server_id":"98ebb8c7-561d-40c7-b660-e4f9be7b85cc","user_id":"1109805385","datacenter":"tebyan"}
[2025-08-09T09:23:45.381Z] {"type":"test_server_created","server_id":"2b51969b-74a2-435d-9d3e-3668be64ca9d","user_id":"5548185875","datacenter":"tebyan"}
[2025-08-09T10:20:25.501Z] {"type":"server_deleted","server_id":"1053f8a0-f93e-497e-b01c-e21e72567dc1","user_id":"5736022857","datacenter":"tebyan"}
[2025-08-09T10:22:29.915Z] {"type":"test_server_created","server_id":"f74b01be-6556-4231-aefb-b8546877245d","user_id":"6510392136","datacenter":"tehran"}
[2025-08-09T10:22:39.568Z] {"type":"server_created","server_id":"dc71dde9-8293-4fa1-83a2-b24fdbc948c3","user_id":"5736022857","datacenter":"tebyan"}
[2025-08-09T10:26:35.470Z] {"type":"test_server_created","server_id":"405ae7ae-5630-4c37-a4a3-01865270b167","user_id":"7609451974","datacenter":"respina"}
[2025-08-10T07:02:17.033Z] {"type":"test_server_created","server_id":"7f564c01-f281-4bde-b7d9-403a2dc1d0b5","user_id":"417178038","datacenter":"tehran"}
[2025-08-10T13:30:47.405Z] {"type":"server_created","server_id":"1e9ebd65-4a39-4d49-9d58-1a797de42cc0","user_id":"316244055","datacenter":"tehran","password_provided":true}
[2025-08-10T13:35:37.947Z] {"type":"server_created","server_id":"3bced8ea-fada-4023-b6ce-a682da80cd16","user_id":"316244055","datacenter":"tehran","password_provided":true}
[2025-08-10T13:41:19.224Z] {"type":"server_created","server_id":"56482a29-6d19-4598-8b18-0d5f8aeccfd8","user_id":"316244055","datacenter":"tehran","password_provided":true}
[2025-08-10T14:20:00.095Z] {"type":"server_password_reset","server_id":"1e9ebd65-4a39-4d49-9d58-1a797de42cc0","user_id":"316244055","datacenter":"tehran"}
[2025-08-10T14:20:33.305Z] {"type":"server_rebuilt","server_id":"1e9ebd65-4a39-4d49-9d58-1a797de42cc0","user_id":"316244055","datacenter":"tehran","new_image":"Ubuntu-22.04"}
[2025-08-10T14:34:39.764Z] {"type":"server_password_reset","server_id":"56482a29-6d19-4598-8b18-0d5f8aeccfd8","user_id":"316244055","datacenter":"tehran"}
[2025-08-10T14:35:21.198Z] {"type":"server_rebuilt","server_id":"56482a29-6d19-4598-8b18-0d5f8aeccfd8","user_id":"316244055","datacenter":"tehran","new_image":"Ubuntu-22.04"}
[2025-08-10T14:44:43.200Z] {"type":"server_deleted","server_id":"1e9ebd65-4a39-4d49-9d58-1a797de42cc0","user_id":"316244055","datacenter":"tehran"}
[2025-08-10T14:44:49.135Z] {"type":"server_deleted","server_id":"3bced8ea-fada-4023-b6ce-a682da80cd16","user_id":"316244055","datacenter":"tehran"}
[2025-08-10T14:44:54.513Z] {"type":"server_deleted","server_id":"56482a29-6d19-4598-8b18-0d5f8aeccfd8","user_id":"316244055","datacenter":"tehran"}
[2025-08-10T14:45:41.738Z] {"type":"server_deleted","server_id":"acc9b5a9-6def-4aed-bdc4-e0c841dbbe6f","user_id":"278494814","datacenter":"respina"}
[2025-08-10T14:46:05.850Z] {"type":"test_server_created","server_id":"9c73d235-f755-4b95-b3d2-bc63ea5b0134","user_id":"278494814","datacenter":"respina"}
[2025-08-10T14:55:25.169Z] {"type":"server_created","server_id":"3ed98b00-6afc-4570-b7fa-e67e07cc6b0d","user_id":"316244055","datacenter":"tehran","password_provided":true}
[2025-08-10T14:56:32.361Z] {"type":"server_password_reset","server_id":"3ed98b00-6afc-4570-b7fa-e67e07cc6b0d","user_id":"316244055","datacenter":"tehran"}
[2025-08-10T14:57:27.908Z] {"type":"server_rebuilt","server_id":"3ed98b00-6afc-4570-b7fa-e67e07cc6b0d","user_id":"316244055","datacenter":"tehran","new_image":"Ubuntu-22.04"}
[2025-08-10T15:13:49.638Z] {"type":"server_deleted","server_id":"3ed98b00-6afc-4570-b7fa-e67e07cc6b0d","user_id":"316244055","datacenter":"tehran"}
[2025-08-10T15:13:55.314Z] {"type":"server_deleted","server_id":"e50504ff-afe7-4a16-828d-d312a443a5f3","user_id":"316244055","datacenter":"tehran"}
[2025-08-20T04:32:05.827Z] {"type":"test_server_created","server_id":"4cf68a1c-c4f8-4fb0-88d3-d4ffdd973f93","user_id":"7515799949","datacenter":"tehran"}
[2025-08-20T04:32:47.765Z] {"type":"test_server_created","server_id":"43653f9c-9e97-48ee-8e8d-b25c29b17f65","user_id":"7515799949","datacenter":"tebyan"}
[2025-08-20T04:32:55.871Z] {"type":"test_server_created","server_id":"60299617-9075-4a9a-9ce6-f1ad86383edb","user_id":"7515799949","datacenter":"respina"}
[2025-08-20T08:36:28.978Z] {"type":"test_server_created","server_id":"98658fa7-7f28-47c0-906f-8d30a593d38a","user_id":"7996475334","datacenter":"tehran"}
[2025-08-21T23:11:44.154Z] {"type":"test_server_created","server_id":"a890b167-5608-4f17-be8d-91a55e3bb7b5","user_id":"958211367","datacenter":"tehran"}
[2025-08-21T23:11:58.161Z] {"type":"test_server_created","server_id":"5b6a449a-6348-4c4a-a817-263409086ff7","user_id":"958211367","datacenter":"tebyan"}
[2025-08-22T14:18:13.265Z] {"type":"test_server_created","server_id":"b5160af5-6058-4a79-bf97-1456ab31584c","user_id":"636612499","datacenter":"tehran"}
[2025-08-23T16:49:58.572Z] {"type":"test_server_created","server_id":"a52fb254-a84a-45f2-957a-34dcc1a1e10f","user_id":"5625350301","datacenter":"respina"}
[2025-08-26T16:10:42.093Z] {"type":"server_created","server_id":"42260d89-529f-4e5c-9676-a5101f21c6b6","user_id":"7502494641","datacenter":"tebyan","password_provided":true}
[2025-08-26T16:13:06.506Z] {"type":"server_created","server_id":"a7368647-6d6b-4534-afc3-2aaf43f9a508","user_id":"7502494641","datacenter":"tebyan","password_provided":true}
[2025-08-26T16:21:13.043Z] {"type":"server_password_reset","server_id":"a7368647-6d6b-4534-afc3-2aaf43f9a508","user_id":"7502494641","datacenter":"tebyan"}
[2025-08-26T16:36:13.576Z] {"type":"server_created","server_id":"8fe74106-b2a8-4ced-94a6-33bf7cedb867","user_id":"7502494641","datacenter":"respina","password_provided":true}
[2025-08-26T16:36:41.435Z] {"type":"server_password_reset","server_id":"8fe74106-b2a8-4ced-94a6-33bf7cedb867","user_id":"7502494641","datacenter":"respina"}
[2025-08-26T16:43:10.338Z] {"type":"server_deleted","server_id":"8fe74106-b2a8-4ced-94a6-33bf7cedb867","user_id":"7502494641","datacenter":"respina"}
[2025-08-26T16:44:57.475Z] {"type":"server_rebuilt","server_id":"a7368647-6d6b-4534-afc3-2aaf43f9a508","user_id":"7502494641","datacenter":"tebyan","new_image":"Ubuntu-22.04"}
[2025-08-26T16:45:21.257Z] {"type":"server_deleted","server_id":"0d408f2c-4485-4217-a286-3c081c51cde9","user_id":"7502494641","datacenter":"respina"}
[2025-08-26T16:45:29.651Z] {"type":"server_deleted","server_id":"6e056296-9c9e-47d6-8241-13df270bf6ba","user_id":"7502494641","datacenter":"respina"}
[2025-08-26T16:45:35.668Z] {"type":"server_deleted","server_id":"a7368647-6d6b-4534-afc3-2aaf43f9a508","user_id":"7502494641","datacenter":"tebyan"}
[2025-08-26T18:06:39.918Z] {"type":"server_created","server_id":"b8c58ec0-d03c-4984-8d3d-7d0aca3f004e","user_id":"7502494641","datacenter":"tebyan","password_provided":true}
[2025-08-26T18:07:11.474Z] {"type":"server_password_reset","server_id":"b8c58ec0-d03c-4984-8d3d-7d0aca3f004e","user_id":"7502494641","datacenter":"tebyan"}
[2025-08-28T12:09:26.926Z] {"type":"test_server_created","server_id":"41a8823f-a5ce-44a5-9c48-ecc429835740","user_id":"7734115363","datacenter":"respina"}
[2025-08-28T12:47:13.970Z] {"type":"server_created","server_id":"3f5df2f5-aedf-4f44-a7fc-93b35ecf2368","user_id":"7502494641","datacenter":"tebyan","password_provided":true}
[2025-08-28T12:48:04.488Z] {"type":"server_created","server_id":"8d4a8a5b-0595-4492-8b0b-3ea9b695547d","user_id":"7502494641","datacenter":"respina","password_provided":true}
[2025-08-28T12:48:09.895Z] {"type":"server_password_reset","server_id":"3f5df2f5-aedf-4f44-a7fc-93b35ecf2368","user_id":"7502494641","datacenter":"tebyan"}
[2025-08-28T12:49:17.933Z] {"type":"server_password_reset","server_id":"8d4a8a5b-0595-4492-8b0b-3ea9b695547d","user_id":"7502494641","datacenter":"respina"}
[2025-08-29T08:16:40.550Z] {"type":"test_server_created","server_id":"cbd3d2b3-a130-4bbe-919a-cb94e3ca26b4","user_id":"570598631","datacenter":"tebyan"}
[2025-08-29T08:17:01.881Z] {"type":"server_deleted","server_id":"cbd3d2b3-a130-4bbe-919a-cb94e3ca26b4","user_id":"570598631","datacenter":"tebyan"}
[2025-08-29T11:45:16.772Z] {"type":"server_deleted","server_id":"41a8823f-a5ce-44a5-9c48-ecc429835740","user_id":"7734115363","datacenter":"respina"}
[2025-08-30T07:18:45.077Z] {"type":"server_deleted","server_id":"b8c58ec0-d03c-4984-8d3d-7d0aca3f004e","user_id":"7502494641","datacenter":"tebyan"}
[2025-08-30T07:18:57.491Z] {"type":"server_deleted","server_id":"8d4a8a5b-0595-4492-8b0b-3ea9b695547d","user_id":"7502494641","datacenter":"respina"}
[2025-08-30T07:19:03.708Z] {"type":"server_deleted","server_id":"3f5df2f5-aedf-4f44-a7fc-93b35ecf2368","user_id":"7502494641","datacenter":"tebyan"}
[2025-08-31T15:04:35.496Z] {"type":"test_server_created","server_id":"0eb8b26f-bdd7-4006-97ec-66a501c7ffba","user_id":"1555742289","datacenter":"tehran"}
[2025-09-03T18:14:14.826Z] {"type":"server_created","server_id":"107973087","user_id":"316244055","datacenter":"hetzner","password_provided":false}
[2025-09-04T12:41:03.396Z] {"type":"test_server_created","server_id":"e65bfa99-1b7f-4970-918d-98f15090535a","user_id":"378713184","datacenter":"respina"}
[2025-09-05T15:06:46.901Z] {"type":"server_created","server_id":108122488,"user_id":"316244055","datacenter":"hetzner","password_provided":false}
[2025-09-05T15:11:57.291Z] {"type":"server_password_reset","server_id":"108122488","user_id":"316244055","datacenter":"hetzner"}
[2025-09-05T15:13:29.262Z] {"type":"server_deleted","server_id":"108122488","user_id":"316244055","datacenter":"hetzner"}
[2025-09-05T15:13:53.505Z] {"type":"server_created","server_id":108122870,"user_id":"316244055","datacenter":"hetzner","password_provided":false}
[2025-09-05T15:14:07.988Z] {"type":"server_password_reset","server_id":"108122870","user_id":"316244055","datacenter":"hetzner"}
[2025-09-05T15:21:01.529Z] {"type":"server_created","server_id":108123238,"user_id":"316244055","datacenter":"hetzner","password_provided":false}
[2025-09-05T15:21:21.235Z] {"type":"server_password_reset","server_id":"108123238","user_id":"316244055","datacenter":"hetzner"}
[2025-09-05T15:22:10.029Z] {"type":"server_deleted","server_id":"108122870","user_id":"316244055","datacenter":"hetzner"}
[2025-09-05T15:22:16.094Z] {"type":"server_password_reset","server_id":"108123238","user_id":"316244055","datacenter":"hetzner"}
[2025-09-05T15:26:30.380Z] {"type":"server_deleted","server_id":"108123238","user_id":"316244055","datacenter":"hetzner"}
[2025-09-05T15:36:47.978Z] {"type":"server_created","server_id":108124076,"user_id":"316244055","datacenter":"hetzner","password_provided":false}
[2025-09-05T15:37:23.081Z] {"type":"server_password_reset","server_id":"108124076","user_id":"316244055","datacenter":"hetzner"}
[2025-09-05T15:38:40.615Z] {"type":"server_password_reset","server_id":"108124076","user_id":"316244055","datacenter":"hetzner"}
[2025-09-05T15:40:34.820Z] {"type":"server_created","server_id":108124341,"user_id":"316244055","datacenter":"hetzner","password_provided":false}
[2025-09-05T15:41:04.650Z] {"type":"server_created","server_id":108124360,"user_id":"316244055","datacenter":"hetzner","password_provided":false}
[2025-09-05T15:42:06.855Z] {"type":"server_deleted","server_id":"108124360","user_id":"316244055","datacenter":"hetzner"}
[2025-09-05T15:42:12.308Z] {"type":"server_deleted","server_id":"108124076","user_id":"316244055","datacenter":"hetzner"}
[2025-09-05T15:42:15.867Z] {"type":"server_deleted","server_id":"108124076","user_id":"316244055","datacenter":"hetzner"}
[2025-09-05T15:42:23.735Z] {"type":"server_deleted","server_id":"108124341","user_id":"316244055","datacenter":"hetzner"}
[2025-09-05T15:47:30.474Z] {"type":"server_created","server_id":108124859,"user_id":"316244055","datacenter":"hetzner","password_provided":false}
[2025-09-05T15:48:33.406Z] {"type":"server_password_reset","server_id":"108124859","user_id":"316244055","datacenter":"hetzner"}
[2025-09-05T15:59:34.542Z] {"type":"server_created","server_id":108125369,"user_id":"316244055","datacenter":"hetzner","password_provided":false}
[2025-09-05T16:00:01.936Z] {"type":"server_created","server_id":108125385,"user_id":"316244055","datacenter":"hetzner","password_provided":false}
[2025-09-05T16:00:40.663Z] {"type":"server_created","server_id":108125459,"user_id":"316244055","datacenter":"hetzner","password_provided":false}
[2025-09-05T16:01:16.809Z] {"type":"server_password_reset","server_id":"108125459","user_id":"316244055","datacenter":"hetzner"}
[2025-09-05T16:02:23.280Z] {"type":"server_deleted","server_id":"108124859","user_id":"316244055","datacenter":"hetzner"}
[2025-09-05T16:02:25.957Z] {"type":"server_deleted","server_id":"108125369","user_id":"316244055","datacenter":"hetzner"}
[2025-09-05T16:02:34.280Z] {"type":"server_deleted","server_id":"108125385","user_id":"316244055","datacenter":"hetzner"}
[2025-09-05T16:02:44.914Z] {"type":"server_deleted","server_id":"108125459","user_id":"316244055","datacenter":"hetzner"}
[2025-09-05T16:17:47.716Z] {"type":"server_created","server_id":108126347,"user_id":"316244055","datacenter":"hetzner","password_provided":false}
[2025-09-05T16:19:07.417Z] {"type":"server_created","server_id":108126421,"user_id":"316244055","datacenter":"hetzner","password_provided":false}
[2025-09-05T16:19:26.796Z] {"type":"server_deleted","server_id":"108126347","user_id":"316244055","datacenter":"hetzner"}
[2025-09-05T16:19:53.405Z] {"type":"server_password_reset","server_id":"108126421","user_id":"316244055","datacenter":"hetzner"}
[2025-09-05T16:24:08.275Z] {"type":"server_password_reset","server_id":"108126421","user_id":"316244055","datacenter":"hetzner"}
[2025-09-05T17:04:52.044Z] {"type":"server_password_reset","server_id":"108126421","user_id":"316244055","datacenter":"hetzner"}
[2025-09-05T17:08:08.831Z] {"type":"server_password_reset","server_id":"108126421","user_id":"316244055","datacenter":"hetzner"}
[2025-09-05T17:16:21.633Z] {"type":"server_password_reset","server_id":"108126421","user_id":"316244055","datacenter":"hetzner"}
[2025-09-05T17:19:00.883Z] {"type":"server_password_reset","server_id":"108126421","user_id":"316244055","datacenter":"hetzner"}
[2025-09-05T17:21:00.821Z] {"type":"server_password_reset","server_id":"108126421","user_id":"316244055","datacenter":"hetzner"}
[2025-09-05T17:22:18.342Z] {"type":"server_password_reset","server_id":"108126421","user_id":"316244055","datacenter":"hetzner"}
[2025-09-05T17:26:43.813Z] {"type":"server_password_reset","server_id":"108126421","user_id":"316244055","datacenter":"hetzner"}
[2025-09-05T17:28:09.911Z] {"type":"server_password_reset","server_id":"108126421","user_id":"316244055","datacenter":"hetzner"}
[2025-09-05T17:31:18.563Z] {"type":"server_password_reset","server_id":"108126421","user_id":"316244055","datacenter":"hetzner"}
[2025-09-05T17:34:23.298Z] {"type":"server_password_reset","server_id":"108126421","user_id":"316244055","datacenter":"hetzner"}
[2025-09-05T17:36:38.849Z] {"type":"server_password_reset","server_id":"108126421","user_id":"316244055","datacenter":"hetzner"}
[2025-09-05T17:37:14.336Z] {"type":"server_deleted","server_id":"108126421","user_id":"316244055","datacenter":"hetzner"}
[2025-09-06T16:10:15.462Z] {"type":"test_server_created","server_id":"ebbcdff7-0c34-4e62-a99f-26e1624187b4","user_id":"8203730326","datacenter":"respina"}
[2025-09-06T19:16:58.376Z] {"type":"test_server_created","server_id":"248a7d44-d5d3-444e-b851-210ae3ccab04","user_id":"8203730326","datacenter":"respina"}
[2025-09-08T21:10:57.702Z] {"type":"test_server_created","server_id":"d5d511d2-6b67-449c-8d5d-46d1424e25bb","user_id":"7419448231","datacenter":"respina"}
[2025-09-09T05:31:01.156Z] {"type":"test_server_created","server_id":"a4d31290-a9f4-4ed8-ae64-b2d40774176f","user_id":"126980171","datacenter":"tebyan"}
[2025-09-09T05:32:29.424Z] {"type":"test_server_created","server_id":"37fee179-a252-46eb-a4b3-296367a900b4","user_id":"7421857559","datacenter":"tehran"}
[2025-09-09T05:33:27.332Z] {"type":"test_server_created","server_id":"a58be2c4-7206-4b2a-bb3c-10a9dcc51126","user_id":"98782042","datacenter":"respina"}
[2025-09-09T05:33:36.477Z] {"type":"test_server_created","server_id":"f48a4f31-4479-4c84-aa27-b7c9c6237020","user_id":"155675320","datacenter":"tebyan"}
[2025-09-09T05:40:02.141Z] {"type":"test_server_created","server_id":"471ed1b7-5e99-4d78-bc72-25f4f30f57a4","user_id":"1323879885","datacenter":"tebyan"}
[2025-09-09T05:53:54.789Z] {"type":"test_server_created","server_id":"fb2ce258-ccf3-4bf3-938f-75cbe7b71162","user_id":"7066383830","datacenter":"tehran"}
[2025-09-09T06:06:14.601Z] {"type":"test_server_created","server_id":"e0fa2400-570a-468e-8e24-0b738e521272","user_id":"7530072324","datacenter":"tebyan"}
[2025-09-09T06:12:45.981Z] {"type":"test_server_created","server_id":"df9ab32a-5bbd-4340-a9ed-4bb4bc628f01","user_id":"92595201","datacenter":"tebyan"}
[2025-09-09T06:14:42.114Z] {"type":"test_server_created","server_id":"6ef25d25-45ef-42dd-8908-d0fc10f508fb","user_id":"8234953820","datacenter":"tebyan"}
[2025-09-09T07:01:01.463Z] {"type":"test_server_created","server_id":"c5a3a7eb-013f-4f2a-bb19-b7456c928b28","user_id":"91114677","datacenter":"tebyan"}
[2025-09-09T08:32:38.077Z] {"type":"test_server_created","server_id":"faa3d7af-9a9a-4c08-89cb-1e8a6a10971d","user_id":"92595201","datacenter":"tehran"}
[2025-09-09T09:01:59.192Z] {"type":"test_server_created","server_id":"a6597e02-29ec-49e1-b612-f39873a76b1b","user_id":"5235141348","datacenter":"tehran"}
[2025-09-09T10:28:17.722Z] {"type":"test_server_created","server_id":"25e48d3e-9f3e-4f73-9c64-ec6cdbd96330","user_id":"441793085","datacenter":"tebyan"}
[2025-09-09T11:28:13.375Z] {"type":"test_server_created","server_id":"85ce23d6-7002-4828-9608-4bdfccf251b0","user_id":"5225005581","datacenter":"tebyan"}
[2025-09-09T13:03:59.097Z] {"type":"test_server_created","server_id":"13d98c54-4c12-4d74-9b3f-cdf30a2345b8","user_id":"49211309","datacenter":"tebyan"}
[2025-09-09T18:05:36.576Z] {"type":"server_password_reset","server_id":"a58be2c4-7206-4b2a-bb3c-10a9dcc51126","user_id":"undefined","datacenter":"respina"}
[2025-09-09T18:08:17.528Z] {"type":"server_password_reset","server_id":"a58be2c4-7206-4b2a-bb3c-10a9dcc51126","user_id":"undefined","datacenter":"respina"}
[2025-09-13T17:29:23.000Z] {"type":"test_server_created","server_id":"e7a07ec3-e9cd-46d4-a69d-319a73f37173","user_id":"7864703861","datacenter":"respina"}
[2025-09-15T15:38:19.052Z] {"type":"test_server_created","server_id":"028bd86a-6b3d-4dcf-a4b1-0055281fe2b2","user_id":"5235141348","datacenter":"tebyan"}
[2025-09-16T18:42:29.084Z] {"type":"test_server_created","server_id":"232bdc2f-90a2-4f4a-8f96-3d65756e4219","user_id":"316244055","datacenter":"tehran"}
[2025-09-17T09:41:08.868Z] {"type":"server_created","server_id":"44d39e2a-172a-4963-88c5-ccc87aecf762","user_id":"316244055","datacenter":"tehran","password_provided":true}
[2025-09-17T09:42:07.729Z] {"type":"server_password_reset","server_id":"44d39e2a-172a-4963-88c5-ccc87aecf762","user_id":"316244055","datacenter":"tehran"}
[2025-09-17T09:50:11.020Z] {"type":"server_password_reset","server_id":"9e9bd61b-e585-41e4-b227-695805e17feb","user_id":"1676303495","datacenter":"tebyan"}
[2025-09-17T10:33:03.597Z] {"type":"test_server_created","server_id":"7f685e66-5bec-4251-8d5d-3e28e5c25afa","user_id":"5736022857","datacenter":"tebyan"}
[2025-09-17T17:19:51.610Z] {"type":"server_deleted","server_id":"1fb62d59-2e5d-46b1-b761-68e87c040e25","user_id":"316244055","datacenter":"tehran"}
[2025-09-17T17:20:03.529Z] {"type":"server_deleted","server_id":"8f2785ac-175e-41d8-a816-f2f82bb63cae","user_id":"316244055","datacenter":"tehran"}
[2025-09-17T17:29:55.968Z] {"type":"server_deleted","server_id":"a32b8a42-9a01-42f6-a11a-1cba0036da35","user_id":"316244055","datacenter":"tehran"}
[2025-09-17T17:30:16.628Z] {"type":"server_deleted","server_id":"44d39e2a-172a-4963-88c5-ccc87aecf762","user_id":"316244055","datacenter":"tehran"}
[2025-09-17T19:58:55.335Z] {"type":"server_created","server_id":"6d041774-699d-4ed2-961c-532bab12cba6","user_id":"316244055","datacenter":"tehran","password_provided":true}
[2025-09-17T19:59:19.478Z] {"type":"server_deleted","server_id":"6d041774-699d-4ed2-961c-532bab12cba6","user_id":"316244055","datacenter":"tehran"}
[2025-09-17T20:01:07.733Z] {"type":"server_created","server_id":"5c38ded5-5e98-4cb0-8645-16ab9a6df33e","user_id":"316244055","datacenter":"respina","password_provided":true}
[2025-09-20T12:22:15.235Z] {"type":"test_server_created","server_id":"c6f3aaca-0576-446e-a0fb-b78106b13be0","user_id":"1555742289","datacenter":"tebyan"}
[2025-09-20T15:12:54.489Z] {"type":"server_created","server_id":"b70bd066-3556-493a-bf7c-9e7c1d67e7b7","user_id":"1676303495","datacenter":"tehran","password_provided":true}
[2025-09-21T19:42:08.159Z] {"type":"server_created","server_id":109180354,"user_id":"1676303495","datacenter":"hetzner","password_provided":true}
[2025-09-21T19:43:38.514Z] {"type":"server_created","server_id":109180461,"user_id":"1676303495","datacenter":"hetzner","password_provided":true}
[2025-09-21T19:44:38.195Z] {"type":"server_created","server_id":109180544,"user_id":"1676303495","datacenter":"hetzner","password_provided":true}
[2025-09-21T19:49:52.746Z] {"type":"server_deleted","server_id":"109180354","user_id":"1676303495","datacenter":"hetzner"}
[2025-09-21T19:49:58.816Z] {"type":"server_deleted","server_id":"109180461","user_id":"1676303495","datacenter":"hetzner"}
[2025-09-21T19:50:06.925Z] {"type":"server_deleted","server_id":"109180544","user_id":"1676303495","datacenter":"hetzner"}
[2025-09-23T09:52:14.937Z] {"type":"test_server_created","server_id":"4cfcc1ff-d992-4fba-aaf2-bb62f2478276","user_id":"5116064595","datacenter":"tebyan"}
[2025-09-24T11:53:25.891Z] {"type":"test_server_created","server_id":"67dba365-8834-4f8f-afc8-6f09a4ee15a3","user_id":"130870285","datacenter":"respina"}
[2025-09-25T08:43:52.247Z] {"type":"test_server_created","server_id":"871bcbc4-772b-4667-bd99-1f3581f36ff9","user_id":"5736022857","datacenter":"tebyan"}
[2025-09-25T08:48:21.799Z] {"type":"test_server_created","server_id":"a611920c-6784-449c-b60e-8dd072a746e6","user_id":"5736022857","datacenter":"tebyan"}
[2025-09-25T09:06:26.157Z] {"type":"server_deleted","server_id":"5c38ded5-5e98-4cb0-8645-16ab9a6df33e","user_id":"316244055","datacenter":"respina"}
[2025-09-26T10:48:13.110Z] {"type":"server_created","server_id":"9daf5f37-25d1-4e00-8d9a-82239da0a46e","user_id":"316244055","datacenter":"tebyan","password_provided":true}
[2025-09-26T10:48:18.443Z] {"type":"test_server_created","server_id":"bf04be76-e292-4e48-ad75-0615111546aa","user_id":"7598524021","datacenter":"tehran"}
[2025-09-26T10:48:55.024Z] {"type":"server_deleted","server_id":"9daf5f37-25d1-4e00-8d9a-82239da0a46e","user_id":"316244055","datacenter":"tebyan"}
[2025-09-26T10:49:45.938Z] {"type":"test_server_created","server_id":"04d8671a-c417-4c36-ad06-6a4cf8da4217","user_id":"7598524021","datacenter":"respina"}
[2025-09-28T00:35:03.173Z] {"type":"server_deleted","server_id":"b70bd066-3556-493a-bf7c-9e7c1d67e7b7","user_id":"1676303495","datacenter":"tehran"}
[2025-09-28T08:49:00.511Z] {"type":"test_server_created","server_id":"1dd0d7fd-e619-4166-816f-8987a1ba7a48","user_id":"6347220035","datacenter":"tebyan"}
[2025-09-30T17:14:46.179Z] {"type":"server_created","server_id":"305a60f1-f258-494c-bba6-9268b26fcdbb","user_id":"316244055","datacenter":"tehran","password_provided":true}
[2025-10-01T18:50:16.805Z] {"type":"test_server_created","server_id":"f9cfeb05-a470-4be7-aac5-53fcbb3cb7c1","user_id":"155675320","datacenter":"tehran"}
[2025-10-01T19:08:08.012Z] {"type":"server_deleted","server_id":"f9cfeb05-a470-4be7-aac5-53fcbb3cb7c1","user_id":"155675320","datacenter":"tehran"}
[2025-10-01T19:09:36.727Z] {"type":"test_server_created","server_id":"f9f2b0cb-97d4-4144-82b6-00b8057fefd1","user_id":"155675320","datacenter":"respina"}
[2025-10-02T18:06:49.595Z] {"type":"test_server_created","server_id":"bca314b1-36a9-45c7-8aeb-7fcf9292d5f3","user_id":"589145159","datacenter":"tebyan"}
[2025-10-03T22:00:56.813Z] {"type":"test_server_created","server_id":"301463c6-b0bf-450e-a317-a2930eaf8944","user_id":"73490583","datacenter":"tehran"}
[2025-10-03T22:02:27.091Z] {"type":"server_deleted","server_id":"301463c6-b0bf-450e-a317-a2930eaf8944","user_id":"73490583","datacenter":"tehran"}
[2025-10-04T09:42:59.919Z] {"type":"server_created","server_id":"175e5226-6893-41c0-a911-1dfcab43b112","user_id":"316244055","datacenter":"tabriz","password_provided":true}
[2025-10-04T09:43:09.540Z] {"type":"server_deleted","server_id":"175e5226-6893-41c0-a911-1dfcab43b112","user_id":"316244055","datacenter":"tabriz"}
[2025-10-04T10:08:25.696Z] {"type":"server_created","server_id":"9dc4620f-ae2b-421f-973d-dc2d83a55de4","user_id":"316244055","datacenter":"tabriz","password_provided":true}
[2025-10-04T11:24:11.665Z] {"type":"server_deleted","server_id":"f0ff0640-a4e5-4135-9525-a9a15af9f15e","user_id":"316244055","datacenter":"tabriz"}
[2025-10-04T14:15:22.173Z] {"type":"test_server_created","server_id":"5e22b6a3-4ad1-4ad8-a5f3-74b61367b90a","user_id":"73490583","datacenter":"tabriz"}
[2025-10-04T14:23:50.905Z] {"type":"server_deleted","server_id":"5e22b6a3-4ad1-4ad8-a5f3-74b61367b90a","user_id":"73490583","datacenter":"tabriz"}
[2025-10-04T15:07:32.973Z] {"type":"server_deleted","server_id":"f9f2b0cb-97d4-4144-82b6-00b8057fefd1","user_id":"155675320","datacenter":"respina"}
[2025-10-04T15:10:08.333Z] {"type":"test_server_created","server_id":"7737738d-52b2-43ef-acb4-f45194381afe","user_id":"1915747109","datacenter":"tebyan"}
[2025-10-04T15:53:16.230Z] {"type":"server_deleted","server_id":"7737738d-52b2-43ef-acb4-f45194381afe","user_id":"1915747109","datacenter":"tebyan"}
[2025-10-04T15:53:54.666Z] {"type":"test_server_created","server_id":"45d7961c-abdc-4cea-96fe-ffd8c8f99e1b","user_id":"1915747109","datacenter":"tabriz"}
[2025-10-04T16:02:58.142Z] {"type":"server_deleted","server_id":"45d7961c-abdc-4cea-96fe-ffd8c8f99e1b","user_id":"1915747109","datacenter":"tabriz"}
[2025-10-04T23:02:12.837Z] {"type":"server_created","server_id":"9a8b5a01-078d-4b0f-bf86-6f27cf1a3a9e","user_id":"1676303495","datacenter":"tabriz","password_provided":true}
[2025-10-04T23:04:15.900Z] {"type":"server_created","server_id":"ab9c16de-d275-490a-86ec-383b0dba2d74","user_id":"1676303495","datacenter":"tabriz","password_provided":true}
[2025-10-04T23:07:47.550Z] {"type":"server_deleted","server_id":"9a8b5a01-078d-4b0f-bf86-6f27cf1a3a9e","user_id":"1676303495","datacenter":"tabriz"}
[2025-10-05T11:57:53.679Z] {"type":"test_server_created","server_id":"df94139f-2cbb-4108-b628-af891693233a","user_id":"925143600","datacenter":"tabriz"}
[2025-10-05T12:01:34.882Z] {"type":"server_deleted","server_id":"df94139f-2cbb-4108-b628-af891693233a","user_id":"925143600","datacenter":"tabriz"}
[2025-10-05T12:02:24.947Z] {"type":"test_server_created","server_id":"adf2b7f4-2e7b-4f04-953a-805e55d2ca0a","user_id":"925143600","datacenter":"tehran"}
[2025-10-05T12:06:51.147Z] {"type":"server_deleted","server_id":"adf2b7f4-2e7b-4f04-953a-805e55d2ca0a","user_id":"925143600","datacenter":"tehran"}
[2025-10-05T12:07:21.423Z] {"type":"test_server_created","server_id":"c4aab5f1-7e7e-4931-a571-56fa09553566","user_id":"925143600","datacenter":"tebyan"}
[2025-10-05T12:30:45.239Z] {"type":"test_server_created","server_id":"b0fa0674-6ea2-436a-a626-66af70de08df","user_id":"925143600","datacenter":"respina"}
[2025-10-06T14:55:05.408Z] {"type":"test_server_created","server_id":"fe0111ce-479e-4f5c-81e5-f931415b3520","user_id":"1154820099","datacenter":"tehran"}
[2025-10-06T16:44:07.980Z] {"type":"test_server_created","server_id":"d55e42ad-951b-4d72-8d73-dec5f2eb6c42","user_id":"5648575120","datacenter":"respina"}
[2025-10-06T17:49:11.522Z] {"type":"test_server_created","server_id":"8d4f23be-c9fa-4f11-ae69-c10a3cbe5a10","user_id":"7228101565","datacenter":"tehran"}
[2025-10-10T10:57:44.484Z] {"type":"server_deleted","server_id":"f1cd81d8-f998-4690-af1b-b0f136706fea","user_id":"5736022857","datacenter":"tebyan"}
[2025-10-10T16:27:50.287Z] {"type":"test_server_created","server_id":"a7ac60c2-bdd0-40c9-810c-fbe355d825fb","user_id":"6804789706","datacenter":"tabriz"}
[2025-10-10T16:32:41.944Z] {"type":"server_deleted","server_id":"a7ac60c2-bdd0-40c9-810c-fbe355d825fb","user_id":"6804789706","datacenter":"tabriz"}
[2025-10-10T16:32:57.353Z] {"type":"test_server_created","server_id":"6a79e409-b054-40ee-8801-e4227089666f","user_id":"6804789706","datacenter":"tehran"}
[2025-10-10T16:33:03.746Z] {"type":"test_server_created","server_id":"b727a937-cd3c-4290-bcb0-519837878d0d","user_id":"6804789706","datacenter":"respina"}
[2025-10-10T16:33:09.192Z] {"type":"test_server_created","server_id":"05b78313-727e-4f39-b324-d26a7d117a5b","user_id":"6804789706","datacenter":"tebyan"}
[2025-10-11T13:35:30.640Z] {"type":"test_server_created","server_id":"3f16766c-616b-4df9-8360-391c531cace2","user_id":"316244055","datacenter":"respina"}
[2025-10-11T14:04:56.352Z] {"type":"test_server_created","server_id":"49929f2d-828a-4e33-8c9a-7068a7acf4e0","user_id":"316244055","datacenter":"tabriz"}
[2025-10-11T17:17:31.846Z] {"type":"server_deleted","server_id":"9dc4620f-ae2b-421f-973d-dc2d83a55de4","user_id":"316244055","datacenter":"tabriz"}
[2025-10-11T17:17:42.018Z] {"type":"server_deleted","server_id":"305a60f1-f258-494c-bba6-9268b26fcdbb","user_id":"316244055","datacenter":"tehran"}
[2025-10-12T19:07:13.307Z] {"type":"test_server_created","server_id":"0ebe988c-041c-48b7-b6c0-2773f1fc261d","user_id":"8283905790","datacenter":"tehran"}
[2025-10-12T19:52:20.649Z] {"type":"test_server_created","server_id":"9647337f-cec6-4c0b-be9e-c5e25048adb2","user_id":"6744781285","datacenter":"tabriz"}
[2025-10-12T20:01:09.923Z] {"type":"test_server_created","server_id":"84f090bf-5d6c-4b42-8911-3d700b0d2f65","user_id":"6744781285","datacenter":"tehran"}
[2025-10-12T20:05:03.122Z] {"type":"test_server_created","server_id":"914f88bb-6e18-4827-8cc6-425c97e6e242","user_id":"316244055","datacenter":"tabriz"}
[2025-10-12T20:14:38.879Z] {"type":"test_server_created","server_id":"fd8c3c39-4345-4de5-ac86-51ad4aa77000","user_id":"316244055","datacenter":"tehran"}
[2025-10-12T20:19:13.966Z] {"type":"test_server_created","server_id":"02b433fe-499e-4b42-b621-a5bb43f99784","user_id":"316244055","datacenter":"tebyan"}
[2025-10-12T20:22:42.909Z] {"type":"test_server_created","server_id":"508e40c0-aa52-44f5-9500-22ebd259e0fa","user_id":"316244055","datacenter":"respina"}
[2025-10-12T20:24:06.465Z] {"type":"server_deleted","server_id":"914f88bb-6e18-4827-8cc6-425c97e6e242","user_id":"316244055","datacenter":"tabriz"}
[2025-10-12T20:24:10.199Z] {"type":"server_deleted","server_id":"508e40c0-aa52-44f5-9500-22ebd259e0fa","user_id":"316244055","datacenter":"respina"}
[2025-10-12T20:24:34.407Z] {"type":"server_deleted","server_id":"02b433fe-499e-4b42-b621-a5bb43f99784","user_id":"316244055","datacenter":"tebyan"}
[2025-10-12T20:24:46.306Z] {"type":"server_deleted","server_id":"fd8c3c39-4345-4de5-ac86-51ad4aa77000","user_id":"316244055","datacenter":"tehran"}
[2025-10-12T20:27:50.807Z] {"type":"test_server_created","server_id":"e66a43da-8664-4db8-b36b-0cb9aeea6811","user_id":"316244055","datacenter":"tabriz"}
[2025-10-12T20:28:22.939Z] {"type":"server_deleted","server_id":"e66a43da-8664-4db8-b36b-0cb9aeea6811","user_id":"316244055","datacenter":"tabriz"}
[2025-10-12T20:28:28.347Z] {"type":"test_server_created","server_id":"f775cd40-c6b8-490a-b155-da07750293de","user_id":"316244055","datacenter":"respina"}
[2025-10-12T20:29:14.545Z] {"type":"server_deleted","server_id":"f775cd40-c6b8-490a-b155-da07750293de","user_id":"316244055","datacenter":"respina"}
[2025-10-12T20:29:25.063Z] {"type":"server_deleted","server_id":"12341375-8f68-4447-90b5-ffcc427e720f","user_id":"316244055","datacenter":"tabriz"}
[2025-10-12T20:32:16.038Z] {"type":"test_server_created","server_id":"12341375-8f68-4447-90b5-ffcc427e720f","user_id":"316244055","datacenter":"tabriz"}
[2025-10-12T20:46:49.008Z] {"type":"test_server_created","server_id":"32d1e893-0bf3-400b-9d81-ce0c750a0913","user_id":"316244055","datacenter":"tabriz"}
[2025-10-12T20:48:05.361Z] {"type":"server_deleted","server_id":"32d1e893-0bf3-400b-9d81-ce0c750a0913","user_id":"316244055","datacenter":"tabriz"}
[2025-10-12T20:49:40.424Z] {"type":"test_server_created","server_id":"d1f9c0dc-fb28-4154-96e7-029f83d56a32","user_id":"316244055","datacenter":"tebyan"}
[2025-10-12T20:51:13.113Z] {"type":"server_deleted","server_id":"d1f9c0dc-fb28-4154-96e7-029f83d56a32","user_id":"316244055","datacenter":"tebyan"}
[2025-10-12T20:57:00.097Z] {"type":"test_server_created","server_id":"466af0c0-ff8b-46be-a813-f7597e7dd4fa","user_id":"316244055","datacenter":"tabriz"}
[2025-10-12T20:57:45.646Z] {"type":"test_server_created","server_id":"60c04a13-7172-4319-afd3-7f0170b958e2","user_id":"316244055","datacenter":"tehran"}
[2025-10-13T04:46:42.409Z] {"type":"test_server_created","server_id":"acf402ef-58e5-4b09-af97-34fbcc94e8dc","user_id":"5377321829","datacenter":"respina"}
[2025-10-13T16:51:30.657Z] {"type":"test_server_created","server_id":"b8004992-7e98-4876-b7e0-dde5febd5932","user_id":"5136123873","datacenter":"tabriz"}
[2025-10-14T08:19:54.930Z] {"type":"test_server_created","server_id":"80d7f935-402b-4376-888a-f190cb2cc1bc","user_id":"784887635","datacenter":"tehran"}
[2025-10-14T08:20:52.739Z] {"type":"server_deleted","server_id":"80d7f935-402b-4376-888a-f190cb2cc1bc","user_id":"784887635","datacenter":"tehran"}
[2025-10-15T10:51:29.697Z] {"type":"test_server_created","server_id":"89a064a8-ddae-4cc7-99cc-50d3960d099a","user_id":"1675606980","datacenter":"tebyan"}
[2025-10-17T14:59:12.225Z] {"type":"server_deleted","server_id":"0d218386-338f-4cda-8fe1-a9100717ae27","user_id":"1041041783","datacenter":"tabriz"}
[2025-10-17T15:00:04.542Z] {"type":"test_server_created","server_id":"0d218386-338f-4cda-8fe1-a9100717ae27","user_id":"1041041783","datacenter":"tabriz"}
[2025-10-19T08:33:58.593Z] {"type":"test_server_created","server_id":"bcc50f82-36e5-46da-b16d-eda2a24c991b","user_id":"1321862965","datacenter":"tebyan"}
[2025-10-19T10:00:32.449Z] {"type":"test_server_created","server_id":"f1bbc4e6-62aa-4726-9eac-d4fad493a613","user_id":"2146528870","datacenter":"tebyan"}
[2025-10-19T11:19:10.753Z] {"type":"test_server_created","server_id":"2a6a2e34-641c-4337-a15f-6ee2c78d0932","user_id":"316244055","datacenter":"tebyan"}
[2025-10-19T11:24:32.685Z] {"type":"test_server_created","server_id":"1d5c9118-1134-443e-b709-cf0b9a782258","user_id":"316244055","datacenter":"respina"}
[2025-10-19T11:53:10.830Z] {"type":"test_server_created","server_id":"442a728f-b33c-4b45-8133-436756eecf07","user_id":"5771995369","datacenter":"tebyan"}
[2025-10-19T11:56:45.793Z] {"type":"server_deleted","server_id":"2a6a2e34-641c-4337-a15f-6ee2c78d0932","user_id":"316244055","datacenter":"tebyan"}
[2025-10-19T11:56:49.362Z] {"type":"server_deleted","server_id":"1d5c9118-1134-443e-b709-cf0b9a782258","user_id":"316244055","datacenter":"respina"}
[2025-10-19T13:40:11.844Z] {"type":"test_server_created","server_id":"a1b3c961-ad8f-46d7-808f-2d5ef32b3efd","user_id":"80266430","datacenter":"tebyan"}
[2025-10-19T15:15:57.710Z] {"type":"server_deleted","server_id":"438c400b-0a4f-4fa0-a66c-4b297591ee37","user_id":"154416958","datacenter":"tabriz"}
[2025-10-19T15:17:08.346Z] {"type":"test_server_created","server_id":"438c400b-0a4f-4fa0-a66c-4b297591ee37","user_id":"154416958","datacenter":"tabriz"}
[2025-10-20T07:10:48.938Z] {"type":"test_server_created","server_id":"0a58f0d6-b543-4f16-932b-b7202683e22b","user_id":"5136123873","datacenter":"respina"}
[2025-10-20T08:25:35.040Z] {"type":"server_created","server_id":111144366,"user_id":"154372790","datacenter":"hetzner","password_provided":true}
[2025-10-20T08:29:56.336Z] {"type":"server_deleted","server_id":"111144366","user_id":"154372790","datacenter":"hetzner"}
[2025-10-20T08:30:10.030Z] {"type":"server_created","server_id":111144945,"user_id":"154372790","datacenter":"hetzner","password_provided":true}
[2025-10-20T08:35:59.459Z] {"type":"server_deleted","server_id":"111144945","user_id":"154372790","datacenter":"hetzner"}
[2025-10-20T08:39:07.115Z] {"type":"server_created","server_id":111145489,"user_id":"154372790","datacenter":"hetzner","password_provided":true}
[2025-10-20T11:32:16.503Z] {"type":"test_server_created","server_id":"944b088e-8ceb-4e78-8f4a-de5338954069","user_id":"5652261467","datacenter":"respina"}
[2025-10-20T12:17:14.815Z] {"type":"test_server_created","server_id":"d9dd34b0-ee8c-4c43-ab68-6333ec41edaa","user_id":"2112845438","datacenter":"tehran"}
[2025-10-20T12:48:38.470Z] {"type":"test_server_created","server_id":"e47e8eac-2e5e-44f8-912e-212cb48ef4fa","user_id":"94531608","datacenter":"tehran"}
[2025-10-21T05:43:29.767Z] {"type":"test_server_created","server_id":"66d18dcb-1794-4cba-9716-3954e2715bc8","user_id":"8167781666","datacenter":"tebyan"}
[2025-10-22T08:21:52.442Z] {"type":"test_server_created","server_id":"a7c59f6e-5452-4740-bf4e-89ec5e8b0485","user_id":"71115284","datacenter":"tebyan"}
[2025-10-22T10:15:07.257Z] {"type":"test_server_created","server_id":"1228c586-7a77-46a0-8ddb-e7ae55898346","user_id":"129471123","datacenter":"tabriz"}
[2025-10-23T10:07:42.094Z] {"type":"test_server_created","server_id":"47511294-0dc6-42bb-946f-f66cc38f9932","user_id":"155675320","datacenter":"respina"}
[2025-10-23T10:13:03.678Z] {"type":"test_server_created","server_id":"a9409e3f-bb4c-41c0-9db1-577347cc198d","user_id":"155675320","datacenter":"tabriz"}
[2025-10-23T11:26:39.659Z] {"type":"server_deleted","server_id":"a9409e3f-bb4c-41c0-9db1-577347cc198d","user_id":"155675320","datacenter":"tabriz"}
[2025-10-23T11:26:46.764Z] {"type":"server_deleted","server_id":"47511294-0dc6-42bb-946f-f66cc38f9932","user_id":"155675320","datacenter":"respina"}
[2025-10-23T17:22:45.053Z] {"type":"test_server_created","server_id":"580e27e5-a7ae-47a6-899f-a5fee8463709","user_id":"2142316192","datacenter":"tebyan"}
[2025-10-23T22:56:15.249Z] {"type":"test_server_created","server_id":"fcdc2b2a-5851-4f03-8781-8b7478ad3514","user_id":"5652261467","datacenter":"tebyan"}
[2025-10-24T09:27:34.690Z] {"type":"test_server_created","server_id":"b85ddff9-a439-4b17-8cc7-7690c98a7870","user_id":"7908951666","datacenter":"respina"}
[2025-10-24T10:05:27.229Z] {"type":"test_server_created","server_id":"c98726c4-f78a-48b9-b157-b9511f5abb60","user_id":"7908951666","datacenter":"tebyan"}
[2025-10-25T02:25:53.149Z] {"type":"test_server_created","server_id":"bd4b03c6-d9e6-42c8-9264-1f324195ebe5","user_id":"461119730","datacenter":"tebyan"}
[2025-10-25T12:24:45.138Z] {"type":"test_server_created","server_id":"bc826dff-4bc9-40f1-8b74-64453768e043","user_id":"7711397322","datacenter":"tehran"}
[2025-10-26T10:46:02.910Z] {"type":"test_server_created","server_id":"d906beda-afc8-4942-9eb3-8b8d63b20971","user_id":"5446546567","datacenter":"tebyan"}
[2025-10-26T10:50:49.970Z] {"type":"test_server_created","server_id":"51357f3b-fa5c-496e-9a37-0cf726b86f93","user_id":"6556968737","datacenter":"respina"}
[2025-10-27T11:25:15.184Z] {"type":"server_created","server_id":"82247ac9-2bdf-4faa-ab24-075ade473b6b","user_id":"1481066710","datacenter":"tebyan","password_provided":true}
[2025-10-27T11:46:30.256Z] {"type":"server_created","server_id":"c24549d2-8845-4e32-8802-b3c3cade3b5d","user_id":"1481066710","datacenter":"tehran","password_provided":true}
[2025-10-27T11:50:07.235Z] {"type":"server_deleted","server_id":"82247ac9-2bdf-4faa-ab24-075ade473b6b","user_id":"1481066710","datacenter":"tebyan"}
[2025-10-27T11:50:08.980Z] {"type":"server_created","server_id":"4016674a-5c21-4e3e-8455-287919ab389d","user_id":"1481066710","datacenter":"tabriz","password_provided":true}
[2025-10-27T12:53:29.220Z] {"type":"server_deleted","server_id":"c24549d2-8845-4e32-8802-b3c3cade3b5d","user_id":"1481066710","datacenter":"tehran"}
[2025-10-27T12:53:38.824Z] {"type":"server_deleted","server_id":"4016674a-5c21-4e3e-8455-287919ab389d","user_id":"1481066710","datacenter":"tabriz"}
[2025-10-27T12:53:47.012Z] {"type":"server_deleted","server_id":"4016674a-5c21-4e3e-8455-287919ab389d","user_id":"1481066710","datacenter":"tabriz"}
[2025-10-29T00:28:17.102Z] {"type":"server_deleted","server_id":"ab9c16de-d275-490a-86ec-383b0dba2d74","user_id":"1676303495","datacenter":"tabriz"}
[2025-10-29T04:39:21.273Z] {"type":"server_created","server_id":"66a5e554-41a8-4a7a-9380-92033381468e","user_id":"5219296204","datacenter":"tebyan","password_provided":true}
[2025-10-29T06:21:45.720Z] {"type":"server_created","server_id":"ff63c16f-7439-49b8-98e5-5e2d94c5db63","user_id":"5219296204","datacenter":"tebyan","password_provided":true}
[2025-10-29T06:29:39.184Z] {"type":"server_deleted","server_id":"66a5e554-41a8-4a7a-9380-92033381468e","user_id":"5219296204","datacenter":"tebyan"}
[2025-11-03T07:37:34.631Z] {"type":"server_created","server_id":112134160,"user_id":"154372790","datacenter":"hetzner","password_provided":true}
[2025-11-03T07:39:28.551Z] {"type":"server_deleted","server_id":"112134160","user_id":"154372790","datacenter":"hetzner"}
[2025-11-03T07:40:09.555Z] {"type":"server_created","server_id":112134282,"user_id":"154372790","datacenter":"hetzner","password_provided":true}
[2025-11-03T07:40:27.381Z] {"type":"server_created","server_id":112134289,"user_id":"154372790","datacenter":"hetzner","password_provided":true}
[2025-11-03T07:41:42.890Z] {"type":"server_deleted","server_id":"112134289","user_id":"154372790","datacenter":"hetzner"}
[2025-11-03T07:41:52.798Z] {"type":"server_deleted","server_id":"112134282","user_id":"154372790","datacenter":"hetzner"}
[2025-11-03T07:46:25.301Z] {"type":"server_created","server_id":112134558,"user_id":"154372790","datacenter":"hetzner","password_provided":true}
[2025-11-03T07:47:26.726Z] {"type":"server_deleted","server_id":"112134558","user_id":"154372790","datacenter":"hetzner"}
[2025-11-03T07:51:50.444Z] {"type":"server_created","server_id":112134723,"user_id":"154372790","datacenter":"hetzner","password_provided":true}
[2025-11-03T07:52:21.984Z] {"type":"server_created","server_id":112134733,"user_id":"154372790","datacenter":"hetzner","password_provided":true}
[2025-11-03T07:53:17.737Z] {"type":"server_created","server_id":112134748,"user_id":"154372790","datacenter":"hetzner","password_provided":true}
[2025-11-03T07:53:45.499Z] {"type":"server_created","server_id":112134762,"user_id":"154372790","datacenter":"hetzner","password_provided":true}
[2025-11-03T07:54:15.590Z] {"type":"server_created","server_id":112134790,"user_id":"154372790","datacenter":"hetzner","password_provided":true}
[2025-11-03T07:54:36.193Z] {"type":"server_created","server_id":112134799,"user_id":"154372790","datacenter":"hetzner","password_provided":true}
[2025-11-03T07:55:44.961Z] {"type":"server_created","server_id":112134854,"user_id":"154372790","datacenter":"hetzner","password_provided":true}
[2025-11-03T07:57:16.908Z] {"type":"server_deleted","server_id":"112134854","user_id":"154372790","datacenter":"hetzner"}
[2025-11-03T07:57:21.911Z] {"type":"server_deleted","server_id":"112134799","user_id":"154372790","datacenter":"hetzner"}
[2025-11-03T07:57:29.482Z] {"type":"server_deleted","server_id":"112134762","user_id":"154372790","datacenter":"hetzner"}
[2025-11-03T07:57:36.172Z] {"type":"server_deleted","server_id":"112134748","user_id":"154372790","datacenter":"hetzner"}
[2025-11-03T07:57:42.397Z] {"type":"server_deleted","server_id":"112134733","user_id":"154372790","datacenter":"hetzner"}
[2025-11-03T07:57:48.812Z] {"type":"server_deleted","server_id":"112134723","user_id":"154372790","datacenter":"hetzner"}
[2025-11-03T12:04:51.592Z] {"type":"server_deleted","server_id":"112134790","user_id":"154372790","datacenter":"hetzner"}
[2025-11-04T14:02:56.228Z] {"type":"test_server_created","server_id":"3df1893d-ada1-4a49-b1d1-b98eabd71774","user_id":"5710720196","datacenter":"tebyan"}
[2025-11-05T11:32:53.379Z] {"type":"test_server_created","server_id":"175335fc-4525-445a-a72f-696408108b57","user_id":"7502494641","datacenter":"tebyan"}
[2025-11-05T11:44:56.352Z] {"type":"test_server_created","server_id":"7e328442-169c-445a-b0da-9603d85a4617","user_id":"8378168185","datacenter":"tebyan"}
[2025-11-05T12:14:33.730Z] {"type":"server_deleted","server_id":"7e328442-169c-445a-b0da-9603d85a4617","user_id":"8378168185","datacenter":"tebyan"}
[2025-11-05T12:14:48.837Z] {"type":"test_server_created","server_id":"7956594e-a2c9-4a51-99d3-0520839c526d","user_id":"8378168185","datacenter":"tebyan"}
[2025-11-05T12:35:50.634Z] {"type":"server_created","server_id":"2a1af7be-2e55-478b-af99-cf1f6bfb22a8","user_id":"1864228250","datacenter":"tebyan","password_provided":true}
[2025-11-05T13:54:41.574Z] {"type":"test_server_created","server_id":"05ace82e-5a4c-433b-ac1c-aebff9453b4e","user_id":"5480598719","datacenter":"tebyan"}
[2025-11-05T14:10:58.122Z] {"type":"server_deleted","server_id":"ff63c16f-7439-49b8-98e5-5e2d94c5db63","user_id":"5219296204","datacenter":"tebyan"}
[2025-11-05T17:54:41.279Z] {"type":"test_server_created","server_id":"9b6ef2b7-3ccd-46e7-8b5c-f67fd2b65df2","user_id":"7563493701","datacenter":"respina"}
[2025-11-05T18:00:12.067Z] {"type":"test_server_created","server_id":"33c57789-bf62-4da9-acac-d0e7b639f1ca","user_id":"7563493701","datacenter":"tabriz"}
[2025-11-05T18:00:21.159Z] {"type":"server_deleted","server_id":"33c57789-bf62-4da9-acac-d0e7b639f1ca","user_id":"7563493701","datacenter":"tabriz"}
[2025-11-05T18:00:45.492Z] {"type":"test_server_created","server_id":"7ba652d7-5941-4475-938a-10ebfd02ea8d","user_id":"7563493701","datacenter":"tabriz"}
[2025-11-05T18:00:55.449Z] {"type":"server_deleted","server_id":"7ba652d7-5941-4475-938a-10ebfd02ea8d","user_id":"7563493701","datacenter":"tabriz"}
[2025-11-05T18:01:34.605Z] {"type":"test_server_created","server_id":"ee3b2e64-679b-483e-ac45-43010d729a96","user_id":"7563493701","datacenter":"tabriz"}
[2025-11-05T18:01:39.107Z] {"type":"server_deleted","server_id":"ee3b2e64-679b-483e-ac45-43010d729a96","user_id":"7563493701","datacenter":"tabriz"}
[2025-11-05T18:02:29.964Z] {"type":"server_deleted","server_id":"9b6ef2b7-3ccd-46e7-8b5c-f67fd2b65df2","user_id":"7563493701","datacenter":"respina"}
[2025-11-05T18:03:45.263Z] {"type":"server_deleted","server_id":"da97577a-1540-4019-91bb-4c17f5b3895e","user_id":"7563493701","datacenter":"tabriz"}
[2025-11-05T18:04:01.921Z] {"type":"test_server_created","server_id":"f93bd62a-5363-4dab-8270-8623c6490741","user_id":"7563493701","datacenter":"respina"}
[2025-11-05T18:04:13.414Z] {"type":"server_deleted","server_id":"f93bd62a-5363-4dab-8270-8623c6490741","user_id":"7563493701","datacenter":"respina"}
[2025-11-05T18:04:55.845Z] {"type":"test_server_created","server_id":"da97577a-1540-4019-91bb-4c17f5b3895e","user_id":"7563493701","datacenter":"tabriz"}
[2025-11-08T08:18:48.680Z] {"type":"test_server_created","server_id":"6ccec2b7-6373-42a1-a9bb-9c20a3dd1c9f","user_id":"5936776197","datacenter":"tebyan"}
[2025-11-08T10:26:08.378Z] {"type":"test_server_created","server_id":"bc352104-98c4-419a-8688-749d8446b043","user_id":"7499230018","datacenter":"tebyan"}
[2025-11-08T18:08:08.290Z] {"type":"test_server_created","server_id":"dcc138b6-6878-4817-ac1d-5e79737245db","user_id":"7563493701","datacenter":"respina"}
[2025-11-08T20:11:01.696Z] {"type":"server_deleted","server_id":"315c310f-386e-49d8-ab9d-b6e5ceaf3417","user_id":"7563493701","datacenter":"tabriz"}
[2025-11-08T20:11:19.551Z] {"type":"test_server_created","server_id":"506d14d6-a82b-4d94-a462-36b3b8eabbaf","user_id":"7563493701","datacenter":"tehran"}
[2025-11-08T20:11:46.091Z] {"type":"test_server_created","server_id":"315c310f-386e-49d8-ab9d-b6e5ceaf3417","user_id":"7563493701","datacenter":"tabriz"}
[2025-11-08T20:57:27.408Z] {"type":"server_deleted","server_id":"506d14d6-a82b-4d94-a462-36b3b8eabbaf","user_id":"7563493701","datacenter":"tehran"}
[2025-11-09T00:21:28.896Z] {"type":"test_server_created","server_id":"4c0ff2f0-ea4c-4192-9e2d-325e4d94dabe","user_id":"6912674410","datacenter":"respina"}
[2025-11-09T19:13:41.730Z] {"type":"test_server_created","server_id":"2895cbd5-3517-412a-9f57-c8c557a576be","user_id":"559561848","datacenter":"tebyan"}
[2025-11-10T09:04:57.782Z] {"type":"test_server_created","server_id":"e899c664-ac06-45ba-865b-364a69c26d7c","user_id":"1733663542","datacenter":"respina"}
[2025-11-10T10:57:44.631Z] {"type":"server_created","server_id":112730267,"user_id":"154372790","datacenter":"hetzner","password_provided":true}
[2025-11-10T11:02:02.091Z] {"type":"server_deleted","server_id":"112730267","user_id":"154372790","datacenter":"hetzner"}
[2025-11-10T11:32:11.563Z] {"type":"server_created","server_id":112738747,"user_id":"154372790","datacenter":"hetzner","password_provided":true}
[2025-11-10T11:32:49.471Z] {"type":"server_created","server_id":112738895,"user_id":"154372790","datacenter":"hetzner","password_provided":true}
[2025-11-10T11:33:09.945Z] {"type":"server_created","server_id":112738951,"user_id":"154372790","datacenter":"hetzner","password_provided":true}
[2025-11-10T11:33:39.716Z] {"type":"server_created","server_id":112739025,"user_id":"154372790","datacenter":"hetzner","password_provided":true}
[2025-11-10T11:33:57.819Z] {"type":"server_created","server_id":112739100,"user_id":"154372790","datacenter":"hetzner","password_provided":true}
[2025-11-10T11:34:14.992Z] {"type":"server_created","server_id":112739159,"user_id":"154372790","datacenter":"hetzner","password_provided":true}
[2025-11-10T11:34:40.664Z] {"type":"server_created","server_id":112739227,"user_id":"154372790","datacenter":"hetzner","password_provided":true}
[2025-11-10T11:37:57.973Z] {"type":"server_deleted","server_id":"112739227","user_id":"154372790","datacenter":"hetzner"}
[2025-11-10T11:38:02.180Z] {"type":"server_deleted","server_id":"112739159","user_id":"154372790","datacenter":"hetzner"}
[2025-11-10T11:38:06.019Z] {"type":"server_deleted","server_id":"112739100","user_id":"154372790","datacenter":"hetzner"}
[2025-11-10T11:38:17.791Z] {"type":"server_deleted","server_id":"112739025","user_id":"154372790","datacenter":"hetzner"}
[2025-11-10T11:38:23.059Z] {"type":"server_deleted","server_id":"112738951","user_id":"154372790","datacenter":"hetzner"}
[2025-11-10T11:38:26.694Z] {"type":"server_deleted","server_id":"112738895","user_id":"154372790","datacenter":"hetzner"}
[2025-11-10T11:38:54.593Z] {"type":"server_deleted","server_id":"112738747","user_id":"154372790","datacenter":"hetzner"}
[2025-11-10T11:47:41.874Z] {"type":"server_created","server_id":112741013,"user_id":"7502494641","datacenter":"hetzner","password_provided":true}
[2025-11-10T11:51:33.306Z] {"type":"test_server_created","server_id":"4b4d1a0f-441e-41ae-8f51-192a451cabf9","user_id":"35773181","datacenter":"tebyan"}
[2025-11-11T08:06:42.822Z] {"type":"test_server_created","server_id":"1ecdcd40-03dd-42f5-9714-0d65e11274e2","user_id":"223974653","datacenter":"tebyan"}
[2025-11-11T20:31:03.757Z] {"type":"test_server_created","server_id":"91fb18de-0039-4210-afde-da53ba9c467d","user_id":"1733663542","datacenter":"tabriz"}
[2025-11-13T02:30:05.237Z] {"type":"test_server_created","server_id":"4efc4754-eabd-48d2-9733-657e45776558","user_id":"158694718","datacenter":"tebyan"}
[2025-11-13T02:32:33.704Z] {"type":"test_server_created","server_id":"3ca95067-6ad1-435a-bcfb-d86afe0b53a5","user_id":"158694718","datacenter":"respina"}
[2025-11-13T02:34:06.688Z] {"type":"server_deleted","server_id":"3ca95067-6ad1-435a-bcfb-d86afe0b53a5","user_id":"158694718","datacenter":"respina"}
[2025-11-13T02:34:17.842Z] {"type":"server_deleted","server_id":"4efc4754-eabd-48d2-9733-657e45776558","user_id":"158694718","datacenter":"tebyan"}
[2025-11-13T08:23:07.801Z] {"type":"test_server_created","server_id":"b12682af-1b9f-449c-acbe-1c0e60c1be06","user_id":"589145159","datacenter":"tebyan"}
[2025-11-13T16:47:55.076Z] {"type":"server_created","server_id":"f26449a8-8ae8-45d6-9fdc-f44b7308cb6f","user_id":"5936776197","datacenter":"tebyan","password_provided":true}
[2025-11-13T18:41:03.080Z] {"type":"server_created","server_id":"69a0caaf-d1b4-405e-9fb8-142698613757","user_id":"5219296204","datacenter":"tebyan","password_provided":true}
[2025-11-14T07:32:40.464Z] {"type":"server_created","server_id":"eb054061-b54d-4820-bb00-872904ae4966","user_id":"316244055","datacenter":"tehran","password_provided":true}
[2025-11-14T07:58:54.526Z] {"type":"test_server_created","server_id":"f55019c8-a0e6-443d-b371-2fd6ad1e534f","user_id":"8248726822","datacenter":"tebyan"}
[2025-11-14T08:05:15.598Z] {"type":"server_created","server_id":113103436,"user_id":"154372790","datacenter":"hetzner","password_provided":true}
[2025-11-14T08:07:06.699Z] {"type":"server_created","server_id":113103509,"user_id":"154372790","datacenter":"hetzner","password_provided":true}
[2025-11-14T08:08:25.274Z] {"type":"server_deleted","server_id":"113103509","user_id":"154372790","datacenter":"hetzner"}
[2025-11-14T08:08:42.183Z] {"type":"server_deleted","server_id":"113103436","user_id":"154372790","datacenter":"hetzner"}
[2025-11-14T08:12:15.515Z] {"type":"server_created","server_id":113103747,"user_id":"154372790","datacenter":"hetzner","password_provided":true}
[2025-11-14T08:15:20.435Z] {"type":"server_created","server_id":113103902,"user_id":"154372790","datacenter":"hetzner","password_provided":true}
[2025-11-14T08:15:28.572Z] {"type":"server_created","server_id":113103919,"user_id":"154372790","datacenter":"hetzner","password_provided":true}
[2025-11-14T08:15:40.102Z] {"type":"server_created","server_id":113103935,"user_id":"154372790","datacenter":"hetzner","password_provided":true}
[2025-11-14T08:15:47.350Z] {"type":"server_created","server_id":113103947,"user_id":"154372790","datacenter":"hetzner","password_provided":true}
[2025-11-14T08:19:52.364Z] {"type":"server_created","server_id":113104250,"user_id":"154372790","datacenter":"hetzner","password_provided":true}
[2025-11-14T08:20:26.193Z] {"type":"server_created","server_id":113104289,"user_id":"154372790","datacenter":"hetzner","password_provided":true}
[2025-11-14T08:21:35.015Z] {"type":"server_created","server_id":113104357,"user_id":"154372790","datacenter":"hetzner","password_provided":true}
[2025-11-14T08:22:29.346Z] {"type":"server_created","server_id":113104385,"user_id":"154372790","datacenter":"hetzner","password_provided":true}
[2025-11-14T08:23:20.406Z] {"type":"server_created","server_id":113104427,"user_id":"154372790","datacenter":"hetzner","password_provided":true}
[2025-11-14T08:23:44.517Z] {"type":"server_created","server_id":113104447,"user_id":"154372790","datacenter":"hetzner","password_provided":true}
[2025-11-14T08:24:14.922Z] {"type":"server_created","server_id":113104475,"user_id":"154372790","datacenter":"hetzner","password_provided":true}
[2025-11-14T08:24:56.045Z] {"type":"server_created","server_id":113104537,"user_id":"154372790","datacenter":"hetzner","password_provided":true}
[2025-11-14T08:25:28.594Z] {"type":"server_created","server_id":113104581,"user_id":"154372790","datacenter":"hetzner","password_provided":true}
[2025-11-14T08:25:42.427Z] {"type":"server_created","server_id":113104592,"user_id":"154372790","datacenter":"hetzner","password_provided":true}
[2025-11-14T08:26:15.143Z] {"type":"server_deleted","server_id":"113104537","user_id":"154372790","datacenter":"hetzner"}
[2025-11-14T08:26:21.274Z] {"type":"server_deleted","server_id":"113104475","user_id":"154372790","datacenter":"hetzner"}
[2025-11-14T08:26:27.486Z] {"type":"server_deleted","server_id":"113104592","user_id":"154372790","datacenter":"hetzner"}
[2025-11-14T08:27:04.322Z] {"type":"server_deleted","server_id":"113104447","user_id":"154372790","datacenter":"hetzner"}
[2025-11-14T08:27:08.161Z] {"type":"server_deleted","server_id":"113104427","user_id":"154372790","datacenter":"hetzner"}
[2025-11-14T08:27:15.081Z] {"type":"server_deleted","server_id":"113104385","user_id":"154372790","datacenter":"hetzner"}
[2025-11-14T08:27:25.608Z] {"type":"server_deleted","server_id":"113104357","user_id":"154372790","datacenter":"hetzner"}
[2025-11-14T08:27:29.758Z] {"type":"server_deleted","server_id":"113104289","user_id":"154372790","datacenter":"hetzner"}
[2025-11-14T08:27:35.575Z] {"type":"server_deleted","server_id":"113104250","user_id":"154372790","datacenter":"hetzner"}
[2025-11-14T08:27:43.060Z] {"type":"server_deleted","server_id":"113103947","user_id":"154372790","datacenter":"hetzner"}
[2025-11-14T08:27:46.803Z] {"type":"server_deleted","server_id":"113103935","user_id":"154372790","datacenter":"hetzner"}
[2025-11-14T08:27:54.605Z] {"type":"server_deleted","server_id":"113103919","user_id":"154372790","datacenter":"hetzner"}
[2025-11-14T08:27:58.664Z] {"type":"server_deleted","server_id":"113103902","user_id":"154372790","datacenter":"hetzner"}
[2025-11-14T08:28:04.229Z] {"type":"server_deleted","server_id":"113103747","user_id":"154372790","datacenter":"hetzner"}
[2025-11-14T08:49:35.870Z] {"type":"server_deleted","server_id":"eb054061-b54d-4820-bb00-872904ae4966","user_id":"316244055","datacenter":"tehran"}
[2025-11-14T10:23:51.777Z] {"type":"test_server_created","server_id":"6ff18310-3230-44ed-b1c5-0a93ed7b1e20","user_id":"6804789706","datacenter":"tehran"}
[2025-11-14T10:25:21.603Z] {"type":"test_server_created","server_id":"d70432c0-0cfb-4476-8b64-6f2a03d73141","user_id":"6804789706","datacenter":"respina"}
[2025-11-14T16:32:22.146Z] {"type":"test_server_created","server_id":"3661e2bb-396f-4807-8f7c-800af364d208","user_id":"895692052","datacenter":"tebyan"}
[2025-11-14T17:56:36.369Z] {"type":"server_created","server_id":"bf591c7b-b7fc-43e9-8026-c726891ad129","user_id":"316244055","datacenter":"tabriz","password_provided":true}
[2025-11-14T17:56:58.578Z] {"type":"server_deleted","server_id":"bf591c7b-b7fc-43e9-8026-c726891ad129","user_id":"316244055","datacenter":"tabriz"}
[2025-11-15T14:14:05.739Z] {"type":"test_server_created","server_id":"e778a24c-d1b9-4f25-8bce-abb5117cabb7","user_id":"1733663542","datacenter":"tehran"}
[2025-11-16T06:14:08.015Z] {"type":"server_deleted","server_id":"69a0caaf-d1b4-405e-9fb8-142698613757","user_id":"5219296204","datacenter":"tebyan"}
[2025-11-16T07:13:03.079Z] {"type":"server_created","server_id":"d3d83911-0577-4d7c-9f1e-0f83a3d6b6c9","user_id":"7039215097","datacenter":"tebyan","password_provided":true}
[2025-11-17T07:59:35.369Z] {"type":"server_created","server_id":"32df95e0-bf03-4c2b-97b3-4c5c769f275b","user_id":"7502494641","datacenter":"tebyan","password_provided":true}
[2025-11-17T08:11:25.041Z] {"type":"server_created","server_id":"64ce9bd4-cab8-4dd6-8aad-324340b26069","user_id":"7502494641","datacenter":"tebyan","password_provided":true}
[2025-11-17T14:18:15.730Z] {"type":"server_deleted","server_id":"64ce9bd4-cab8-4dd6-8aad-324340b26069","user_id":"7502494641","datacenter":"tebyan"}
[2025-11-17T14:18:22.278Z] {"type":"server_deleted","server_id":"32df95e0-bf03-4c2b-97b3-4c5c769f275b","user_id":"7502494641","datacenter":"tebyan"}
[2025-11-18T12:56:03.827Z] {"type":"test_server_created","server_id":"bc09c97c-05c1-4cd1-be41-de5d63eb3d01","user_id":"8248726822","datacenter":"respina"}
[2025-11-21T00:12:03.359Z] {"type":"test_server_created","server_id":"ad7f61f3-4cdd-4354-affc-30f323446a88","user_id":"206648292","datacenter":"tebyan"}
[2025-11-21T01:28:06.559Z] {"type":"test_server_created","server_id":"a938e249-5ed1-4af7-aabb-3d67f62d7a8f","user_id":"2131380058","datacenter":"tehran"}
[2025-11-21T02:15:38.193Z] {"type":"test_server_created","server_id":"1e244c39-3936-41c0-b544-0c00508de5e4","user_id":"2131380058","datacenter":"tebyan"}
[2025-11-21T02:15:50.539Z] {"type":"server_deleted","server_id":"a938e249-5ed1-4af7-aabb-3d67f62d7a8f","user_id":"2131380058","datacenter":"tehran"}
[2025-11-21T02:19:12.279Z] {"type":"server_deleted","server_id":"a938e249-5ed1-4af7-aabb-3d67f62d7a8f","user_id":"2131380058","datacenter":"tehran"}
[2025-11-22T06:29:13.247Z] {"type":"server_deleted","server_id":"111145489","user_id":"154372790","datacenter":"hetzner"}
[2025-11-22T06:32:00.367Z] {"type":"server_deleted","server_id":"112741013","user_id":"154372790","datacenter":"hetzner"}
[2025-11-24T08:10:24.776Z] {"type":"test_server_created","server_id":"8c737ffa-e439-4502-b3bc-6f757cd3542b","user_id":"6804789706","datacenter":"tebyan"}
[2025-11-24T09:30:47.431Z] {"type":"test_server_created","server_id":"066555d3-cc0c-4388-b21c-056d42f37299","user_id":"5415589915","datacenter":"tebyan"}
[2025-11-24T09:36:38.987Z] {"type":"test_server_created","server_id":"de1d7f53-0ef9-45fc-b6e8-7bf6b22d0e50","user_id":"1053400629","datacenter":"tebyan"}
[2025-11-24T09:39:51.597Z] {"type":"server_deleted","server_id":"de1d7f53-0ef9-45fc-b6e8-7bf6b22d0e50","user_id":"1053400629","datacenter":"tebyan"}
[2025-11-24T09:41:55.952Z] {"type":"test_server_created","server_id":"e1422ffc-f165-4591-b7c7-a42bc0dc09b2","user_id":"1053400629","datacenter":"tehran"}
[2025-11-24T09:59:52.791Z] {"type":"server_deleted","server_id":"e1422ffc-f165-4591-b7c7-a42bc0dc09b2","user_id":"1053400629","datacenter":"tehran"}
[2025-11-25T00:24:04.255Z] {"type":"test_server_created","server_id":"97c4b566-33bd-4190-a7cb-b5d825911aa6","user_id":"2131380058","datacenter":"tabriz"}
[2025-11-25T18:25:12.923Z] {"type":"server_created","server_id":"816e3cbc-6192-4999-8b6b-5fbbb3ef7805","user_id":"316244055","datacenter":"tabriz","password_provided":true}
[2025-11-25T18:33:47.065Z] {"type":"server_deleted","server_id":"816e3cbc-6192-4999-8b6b-5fbbb3ef7805","user_id":"316244055","datacenter":"tabriz"}
[2025-11-25T18:36:12.732Z] {"type":"server_deleted","server_id":"7956594e-a2c9-4a51-99d3-0520839c526d","user_id":"8378168185","datacenter":"tebyan"}
[2025-11-25T18:52:48.536Z] {"type":"test_server_created","server_id":"449d0686-db89-4b01-ab9d-e1b5c8570f58","user_id":"8199768781","datacenter":"tebyan"}
[2025-11-26T11:22:36.438Z] {"type":"test_server_created","server_id":"93aee64c-8186-4266-849a-e2664c2dd6b5","user_id":"762735517","datacenter":"tebyan"}
[2025-11-26T22:21:25.488Z] {"type":"server_created","server_id":"8729183d-3d93-4339-85d6-f9938771c960","user_id":"762735517","datacenter":"tebyan","password_provided":true}
[2025-11-27T14:51:41.377Z] {"type":"test_server_created","server_id":"45a15839-eb42-45d6-a39c-c2ce3863946a","user_id":"7086953402","datacenter":"tabriz"}
[2025-11-27T14:51:41.726Z] {"type":"test_server_created","server_id":"0c95a09e-cb9d-4542-a3e5-58cf0f9cead7","user_id":"7086953402","datacenter":"tehran"}
[2025-11-27T15:11:17.944Z] {"type":"test_server_created","server_id":"8d03fe74-ee90-4966-9f19-390a3f736112","user_id":"484271032","datacenter":"tebyan"}
[2025-11-27T16:00:09.559Z] {"type":"server_created","server_id":"15dbd5da-f3a9-4a3f-a44d-5010376911a4","user_id":"206648292","datacenter":"tebyan","password_provided":true}
[2025-11-27T16:00:53.582Z] {"type":"server_created","server_id":"d8f64215-a101-4e76-b9b1-3530bc3dd5b3","user_id":"206648292","datacenter":"tebyan","password_provided":true}
[2025-11-27T16:01:34.690Z] {"type":"server_created","server_id":"99106745-52ff-4d05-a802-5143ea068dd2","user_id":"206648292","datacenter":"tebyan","password_provided":true}
[2025-11-27T16:02:13.907Z] {"type":"server_created","server_id":"234d123f-e4c9-4db9-a74f-6b925b06aa21","user_id":"206648292","datacenter":"tebyan","password_provided":true}
[2025-11-27T16:38:42.089Z] {"type":"server_created","server_id":"07c2c8c2-b2ab-4b87-aa6a-1994de693a53","user_id":"7502494641","datacenter":"tebyan","password_provided":true}
[2025-11-27T16:40:59.944Z] {"type":"test_server_created","server_id":"b839b84f-51e4-4375-9a15-b208dddf7c30","user_id":"829638418","datacenter":"tebyan"}
[2025-11-27T16:48:25.768Z] {"type":"server_deleted","server_id":"07c2c8c2-b2ab-4b87-aa6a-1994de693a53","user_id":"7502494641","datacenter":"tebyan"}
[2025-11-27T19:20:02.407Z] {"type":"test_server_created","server_id":"ff8766c4-f402-4a29-8b7e-8451786feec9","user_id":"829638418","datacenter":"tehran"}
[2025-11-27T19:21:54.841Z] {"type":"server_created","server_id":"ca68d558-4133-4ab7-b3db-0061b5f4ecea","user_id":"7502494641","datacenter":"tebyan","password_provided":true}
[2025-11-27T20:30:07.086Z] {"type":"test_server_created","server_id":"b8bc5938-2857-4970-9d3f-f9f52e261ac5","user_id":"206648292","datacenter":"tehran"}
[2025-11-27T20:34:00.449Z] {"type":"test_server_created","server_id":"f34068fb-c4f1-4abc-94b6-11761cb319f8","user_id":"206648292","datacenter":"tabriz"}
[2025-11-28T11:13:32.379Z] {"type":"test_server_created","server_id":"1e1db1e9-ea00-4058-916d-d3e67777605b","user_id":"155675320","datacenter":"tebyan"}
[2025-11-28T18:41:54.199Z] {"type":"test_server_created","server_id":"74e126c2-ae24-44b8-b3c6-3de144437f26","user_id":"32253043","datacenter":"tehran"}
[2025-11-29T01:02:02.229Z] {"type":"test_server_created","server_id":"6d8ebca1-ec5b-4b90-a10b-fa840ea9d5f1","user_id":"158694718","datacenter":"tebyan"}
[2025-11-29T08:31:53.904Z] {"type":"server_created","server_id":"40847c2d-ac58-46b2-b069-b0a5be4e6bef","user_id":"223974653","datacenter":"tebyan","password_provided":true}
[2025-11-29T08:32:47.474Z] {"type":"server_deleted","server_id":"113104581","user_id":"154372790","datacenter":"hetzner"}
[2025-11-29T12:35:35.010Z] {"type":"server_deleted","server_id":"1e1db1e9-ea00-4058-916d-d3e67777605b","user_id":"155675320","datacenter":"tebyan"}
[2025-11-29T15:08:58.056Z] {"type":"server_created","server_id":"2e354193-850e-4c66-9d9f-e71803229518","user_id":"206648292","datacenter":"tebyan","password_provided":true}
[2025-11-29T15:09:35.976Z] {"type":"server_created","server_id":"53539380-adcd-4153-bc37-5e07db55defa","user_id":"206648292","datacenter":"tebyan","password_provided":true}
[2025-11-29T15:10:25.737Z] {"type":"server_created","server_id":"52409345-f90d-4e5e-9494-fb0eecbb90b5","user_id":"206648292","datacenter":"tebyan","password_provided":true}
[2025-11-29T15:15:50.433Z] {"type":"server_created","server_id":"2139ac3d-44f5-4a52-be8c-64b2a45d846c","user_id":"7502494641","datacenter":"tebyan","password_provided":true}
[2025-11-29T15:16:37.052Z] {"type":"server_deleted","server_id":"2139ac3d-44f5-4a52-be8c-64b2a45d846c","user_id":"7502494641","datacenter":"tebyan"}
[2025-11-29T15:16:43.282Z] {"type":"server_created","server_id":"384bbaa3-470c-40e9-b816-9182badc2dcd","user_id":"206648292","datacenter":"tebyan","password_provided":true}
[2025-11-29T15:17:06.734Z] {"type":"server_deleted","server_id":"ca68d558-4133-4ab7-b3db-0061b5f4ecea","user_id":"7502494641","datacenter":"tebyan"}
[2025-11-29T15:17:30.693Z] {"type":"server_created","server_id":"b34989f1-e7a7-43ab-9f6e-ac4d728e91dc","user_id":"206648292","datacenter":"tebyan","password_provided":true}
[2025-11-29T15:19:15.044Z] {"type":"server_created","server_id":"ee629382-aeef-46de-bde0-d47f69785060","user_id":"206648292","datacenter":"tehran","password_provided":true}
[2025-11-30T10:08:24.216Z] {"type":"test_server_created","server_id":"6b4298d5-8b11-4348-a077-2717fceb9f0d","user_id":"155675320","datacenter":"tehran"}
[2025-11-30T16:40:39.365Z] {"type":"server_created","server_id":114354850,"user_id":"5471927143","datacenter":"hetzner","password_provided":true}
[2025-11-30T16:41:48.489Z] {"type":"server_created","server_id":114354872,"user_id":"5471927143","datacenter":"hetzner","password_provided":true}
[2025-11-30T16:42:47.412Z] {"type":"server_created","server_id":114354886,"user_id":"5471927143","datacenter":"hetzner","password_provided":true}
[2025-11-30T16:44:21.521Z] {"type":"server_created","server_id":114354914,"user_id":"5471927143","datacenter":"hetzner","password_provided":true}
[2025-11-30T16:45:44.371Z] {"type":"server_created","server_id":114354999,"user_id":"5471927143","datacenter":"hetzner","password_provided":true}
[2025-11-30T16:46:42.205Z] {"type":"server_created","server_id":114355059,"user_id":"5471927143","datacenter":"hetzner","password_provided":true}
[2025-11-30T16:46:50.870Z] {"type":"server_created","server_id":114355063,"user_id":"5471927143","datacenter":"hetzner","password_provided":true}
[2025-11-30T16:47:10.687Z] {"type":"server_created","server_id":114355086,"user_id":"5471927143","datacenter":"hetzner","password_provided":true}
[2025-11-30T16:48:15.664Z] {"type":"server_deleted","server_id":"114355086","user_id":"5471927143","datacenter":"hetzner"}
[2025-11-30T16:48:24.192Z] {"type":"server_deleted","server_id":"114355063","user_id":"5471927143","datacenter":"hetzner"}
[2025-11-30T16:48:32.006Z] {"type":"server_deleted","server_id":"114355059","user_id":"5471927143","datacenter":"hetzner"}
[2025-11-30T16:48:39.499Z] {"type":"server_deleted","server_id":"114354999","user_id":"5471927143","datacenter":"hetzner"}
[2025-11-30T16:49:05.723Z] {"type":"server_deleted","server_id":"114354914","user_id":"5471927143","datacenter":"hetzner"}
[2025-11-30T16:49:14.000Z] {"type":"server_deleted","server_id":"114354886","user_id":"5471927143","datacenter":"hetzner"}
[2025-11-30T16:49:22.703Z] {"type":"server_deleted","server_id":"114354872","user_id":"5471927143","datacenter":"hetzner"}
[2025-11-30T16:49:31.291Z] {"type":"server_deleted","server_id":"114354850","user_id":"5471927143","datacenter":"hetzner"}
[2025-11-30T17:39:41.796Z] {"type":"server_deleted","server_id":"6b4298d5-8b11-4348-a077-2717fceb9f0d","user_id":"155675320","datacenter":"tehran"}
[2025-12-01T10:21:11.394Z] {"type":"server_created","server_id":"645396db-6957-44c1-9a83-1c7859127566","user_id":"5471927143","datacenter":"tabriz","password_provided":true}
[2025-12-01T10:27:40.535Z] {"type":"server_created","server_id":"747aae13-ce4a-4062-8f4b-323a2b0088fd","user_id":"5471927143","datacenter":"tehran","password_provided":true}
[2025-12-01T20:15:43.619Z] {"type":"test_server_created","server_id":"0ddc74a7-39e7-4437-a064-ac8eef85651b","user_id":"1056940625","datacenter":"tebyan"}
[2025-12-01T22:45:37.494Z] {"type":"server_created","server_id":"dfb47ccd-2fa1-490c-8432-017647a393ce","user_id":"829638418","datacenter":"tebyan","password_provided":true}
[2025-12-01T23:02:47.212Z] {"type":"server_created","server_id":"72994ec8-239c-4190-836b-fb98be70328b","user_id":"829638418","datacenter":"tebyan","password_provided":true}
[2025-12-01T23:16:00.533Z] {"type":"server_deleted","server_id":"72994ec8-239c-4190-836b-fb98be70328b","user_id":"829638418","datacenter":"tebyan"}
[2025-12-02T06:21:25.908Z] {"type":"test_server_created","server_id":"fd2725cf-e4c6-4601-8693-708ad909146e","user_id":"6971107665","datacenter":"tabriz"}
[2025-12-02T06:23:56.285Z] {"type":"test_server_created","server_id":"1576fe54-512e-4c06-9aef-6d68f630ca79","user_id":"6971107665","datacenter":"tebyan"}
[2025-12-02T10:16:26.723Z] {"type":"server_created","server_id":114489146,"user_id":"96686991","datacenter":"hetzner","password_provided":true}
[2025-12-02T22:37:06.147Z] {"type":"server_created","server_id":114535048,"user_id":"236552902","datacenter":"hetzner","password_provided":true}
[2025-12-02T22:44:23.928Z] {"type":"server_created","server_id":114535188,"user_id":"236552902","datacenter":"hetzner","password_provided":true}
[2025-12-02T22:45:43.198Z] {"type":"server_deleted","server_id":"114535188","user_id":"236552902","datacenter":"hetzner"}
[2025-12-03T19:52:34.101Z] {"type":"test_server_created","server_id":"637fc311-aa3e-4d48-8690-57d61a23c6f7","user_id":"1529614022","datacenter":"tebyan"}
[2025-12-04T07:01:36.735Z] {"type":"test_server_created","server_id":"4f388978-c351-48f8-9016-1defdb1b183d","user_id":"5671186665","datacenter":"tebyan"}
[2025-12-04T12:32:07.100Z] {"type":"test_server_created","server_id":"ff18c503-9ab7-4805-81b8-ea9a0ebf1db2","user_id":"1148391320","datacenter":"tehran"}
[2025-12-04T21:45:29.811Z] {"type":"server_deleted","server_id":"114535048","user_id":"236552902","datacenter":"hetzner"}
[2025-12-06T09:27:11.390Z] {"type":"test_server_created","server_id":"ff9e54be-5ca0-4951-b3b4-20b4b6413387","user_id":"144038627","datacenter":"tebyan"}
[2025-12-07T06:00:03.894Z] {"type":"server_created","server_id":"2a4d4057-94f4-4aaa-88a0-a8a6e9b9d3e8","user_id":"144038627","datacenter":"tebyan","password_provided":true}
[2025-12-07T09:28:57.848Z] {"type":"server_created","server_id":"37677f8d-d6c7-4b4c-823f-7294b78f4ce2","user_id":"7502494641","datacenter":"tebyan","password_provided":true}
[2025-12-07T09:29:29.930Z] {"type":"server_deleted","server_id":"2a4d4057-94f4-4aaa-88a0-a8a6e9b9d3e8","user_id":"144038627","datacenter":"tebyan"}
[2025-12-07T09:29:34.038Z] {"type":"server_created","server_id":"fd2b7525-851c-4d80-82ca-9e1bf1bb572d","user_id":"144038627","datacenter":"tebyan","password_provided":true}
[2025-12-07T09:37:21.084Z] {"type":"server_deleted","server_id":"37677f8d-d6c7-4b4c-823f-7294b78f4ce2","user_id":"7502494641","datacenter":"tebyan"}
[2025-12-07T09:43:31.471Z] {"type":"server_deleted","server_id":"1afc4ce5-387b-4083-afb4-4b5766c5b3b3","user_id":"144038627","datacenter":"tebyan"}
[2025-12-07T10:33:07.412Z] {"type":"server_created","server_id":"cec7c09a-1631-46a3-a8d2-faef6676bb92","user_id":"144038627","datacenter":"tebyan","password_provided":true}
[2025-12-07T10:48:07.686Z] {"type":"server_deleted","server_id":"cec7c09a-1631-46a3-a8d2-faef6676bb92","user_id":"144038627","datacenter":"tebyan"}
[2025-12-07T10:48:45.481Z] {"type":"server_created","server_id":"72f088cc-736d-4d5c-b15c-996a462a867e","user_id":"144038627","datacenter":"tehran","password_provided":true}
[2025-12-07T10:49:22.769Z] {"type":"server_deleted","server_id":"72f088cc-736d-4d5c-b15c-996a462a867e","user_id":"144038627","datacenter":"tehran"}
[2025-12-07T10:50:04.240Z] {"type":"server_created","server_id":"f2188402-d50e-4835-a645-c2afcd2622c7","user_id":"144038627","datacenter":"tebyan","password_provided":true}
[2025-12-08T13:52:29.572Z] {"type":"server_created","server_id":"31307bbe-3f8c-478a-87da-8bead6c25c1c","user_id":"316244055","datacenter":"tehran","password_provided":true}
[2025-12-08T16:55:11.631Z] {"type":"server_created","server_id":"5767e420-d935-43a5-bda2-bd866e31c05e","user_id":"206648292","datacenter":"tebyan","password_provided":true}
[2025-12-08T17:01:22.630Z] {"type":"server_created","server_id":"27b0b323-90c4-4e2c-9748-b9cb01494c94","user_id":"206648292","datacenter":"tebyan","password_provided":true}
[2025-12-08T17:02:23.083Z] {"type":"server_created","server_id":"7abf3643-d84f-4f0e-9b27-244c18ea1989","user_id":"206648292","datacenter":"tebyan","password_provided":true}
[2025-12-08T17:03:14.789Z] {"type":"server_created","server_id":"cea74691-5afe-4c28-8ee4-674aaadadde6","user_id":"206648292","datacenter":"tebyan","password_provided":true}
[2025-12-08T17:04:16.233Z] {"type":"server_created","server_id":"03c73991-695e-4c49-b3e0-bee54c21d759","user_id":"206648292","datacenter":"tebyan","password_provided":true}
[2025-12-08T23:04:28.324Z] {"type":"server_deleted","server_id":"5767e420-d935-43a5-bda2-bd866e31c05e","user_id":"206648292","datacenter":"tebyan"}
[2025-12-08T23:04:52.499Z] {"type":"server_deleted","server_id":"27b0b323-90c4-4e2c-9748-b9cb01494c94","user_id":"206648292","datacenter":"tebyan"}
[2025-12-08T23:05:10.626Z] {"type":"server_deleted","server_id":"7abf3643-d84f-4f0e-9b27-244c18ea1989","user_id":"206648292","datacenter":"tebyan"}
[2025-12-08T23:05:38.960Z] {"type":"server_deleted","server_id":"cea74691-5afe-4c28-8ee4-674aaadadde6","user_id":"206648292","datacenter":"tebyan"}
[2025-12-08T23:05:56.450Z] {"type":"server_deleted","server_id":"03c73991-695e-4c49-b3e0-bee54c21d759","user_id":"206648292","datacenter":"tebyan"}
[2025-12-08T23:07:34.603Z] {"type":"server_created","server_id":"75fd21ab-077d-4136-9276-d96cd6e5db66","user_id":"206648292","datacenter":"tehran","password_provided":true}
[2025-12-08T23:09:00.863Z] {"type":"server_created","server_id":"25ae13e3-cc59-438f-ad7c-079ff69ee35d","user_id":"206648292","datacenter":"tehran","password_provided":true}
[2025-12-08T23:10:43.464Z] {"type":"server_created","server_id":"be21d0a1-9693-4d26-a8dc-f40a81b4fbd5","user_id":"206648292","datacenter":"tehran","password_provided":true}
[2025-12-08T23:12:28.739Z] {"type":"server_created","server_id":"b21a7e3f-2ba3-4293-bcc3-f49ff521f0c6","user_id":"206648292","datacenter":"tehran","password_provided":true}
[2025-12-08T23:14:24.881Z] {"type":"server_created","server_id":"7a2162a3-609d-4778-aa44-3f8d1ac82912","user_id":"206648292","datacenter":"tehran","password_provided":true}
[2025-12-08T23:41:23.385Z] {"type":"test_server_created","server_id":"1151bcce-d473-4d49-b8c4-a3953cdaf98e","user_id":"528323129","datacenter":"tabriz"}
[2025-12-08T23:45:38.520Z] {"type":"server_deleted","server_id":"1151bcce-d473-4d49-b8c4-a3953cdaf98e","user_id":"528323129","datacenter":"tabriz"}
[2025-12-08T23:46:01.356Z] {"type":"test_server_created","server_id":"95a86acc-3af9-47d3-a2c9-06a7bda0d2ae","user_id":"528323129","datacenter":"tebyan"}
[2025-12-08T23:48:54.617Z] {"type":"server_deleted","server_id":"95a86acc-3af9-47d3-a2c9-06a7bda0d2ae","user_id":"528323129","datacenter":"tebyan"}
[2025-12-08T23:49:11.623Z] {"type":"test_server_created","server_id":"ff9ae56c-480a-4faf-a016-cdee7ff45f1a","user_id":"528323129","datacenter":"tehran"}
[2025-12-08T23:49:57.288Z] {"type":"server_deleted","server_id":"ff9ae56c-480a-4faf-a016-cdee7ff45f1a","user_id":"528323129","datacenter":"tehran"}
[2025-12-09T00:04:02.836Z] {"type":"server_created","server_id":115031161,"user_id":"2131380058","datacenter":"hetzner","password_provided":true}
[2025-12-09T00:04:53.677Z] {"type":"server_created","server_id":115031256,"user_id":"2131380058","datacenter":"hetzner","password_provided":true}
[2025-12-09T00:06:37.492Z] {"type":"server_deleted","server_id":"115031256","user_id":"2131380058","datacenter":"hetzner"}
[2025-12-09T00:07:45.339Z] {"type":"server_deleted","server_id":"115031161","user_id":"2131380058","datacenter":"hetzner"}
[2025-12-09T00:07:49.725Z] {"type":"server_deleted","server_id":"115031161","user_id":"2131380058","datacenter":"hetzner"}
[2025-12-09T00:07:51.041Z] {"type":"server_deleted","server_id":"115031161","user_id":"2131380058","datacenter":"hetzner"}
[2025-12-09T00:07:51.919Z] {"type":"server_deleted","server_id":"115031161","user_id":"2131380058","datacenter":"hetzner"}
[2025-12-09T00:08:11.936Z] {"type":"server_created","server_id":115031475,"user_id":"2131380058","datacenter":"hetzner","password_provided":true}
[2025-12-09T00:08:23.056Z] {"type":"server_deleted","server_id":"115031475","user_id":"2131380058","datacenter":"hetzner"}
[2025-12-09T08:46:24.935Z] {"type":"test_server_created","server_id":"dfce436e-4e01-4b7e-8bef-0c0099d8c3a0","user_id":"1321894053","datacenter":"tebyan"}
[2025-12-09T11:36:28.296Z] {"type":"test_server_created","server_id":"2052fc7d-0bcf-4a85-8988-a472571338cd","user_id":"7967292195","datacenter":"tehran"}
[2025-12-09T12:04:14.548Z] {"type":"server_created","server_id":115072965,"user_id":"2131380058","datacenter":"hetzner","password_provided":true}
[2025-12-09T12:12:58.203Z] {"type":"test_server_created","server_id":"c42ba93a-91e2-42b2-92da-64246d453d66","user_id":"57062365","datacenter":"tabriz"}
[2025-12-09T12:15:11.450Z] {"type":"server_deleted","server_id":"c42ba93a-91e2-42b2-92da-64246d453d66","user_id":"57062365","datacenter":"tabriz"}
[2025-12-09T12:51:07.614Z] {"type":"server_deleted","server_id":"115072965","user_id":"2131380058","datacenter":"hetzner"}
[2025-12-09T17:09:45.194Z] {"type":"server_created","server_id":"24500864-43e5-4004-bce7-62189d0b7e4c","user_id":"206648292","datacenter":"tehran","password_provided":true}
[2025-12-09T17:12:07.125Z] {"type":"server_deleted","server_id":"24500864-43e5-4004-bce7-62189d0b7e4c","user_id":"206648292","datacenter":"tehran"}
[2025-12-09T17:12:59.285Z] {"type":"server_created","server_id":"5e1ca278-6671-4376-b97b-dca9ca23407c","user_id":"206648292","datacenter":"tabriz","password_provided":true}
[2025-12-09T17:26:38.131Z] {"type":"test_server_created","server_id":"4726f538-a47e-4c1f-8b92-451bef9bad5f","user_id":"2131380058","datacenter":"tehran"}
[2025-12-09T17:39:39.177Z] {"type":"server_created","server_id":115098256,"user_id":"2131380058","datacenter":"hetzner","password_provided":true}
[2025-12-09T17:54:50.631Z] {"type":"server_created","server_id":115099082,"user_id":"2131380058","datacenter":"hetzner","password_provided":true}
[2025-12-09T17:55:01.808Z] {"type":"server_created","server_id":115099089,"user_id":"2131380058","datacenter":"hetzner","password_provided":true}
[2025-12-09T17:55:10.655Z] {"type":"server_created","server_id":115099093,"user_id":"2131380058","datacenter":"hetzner","password_provided":true}
[2025-12-09T17:55:25.113Z] {"type":"server_created","server_id":115099100,"user_id":"2131380058","datacenter":"hetzner","password_provided":true}
[2025-12-09T17:55:34.971Z] {"type":"server_created","server_id":115099105,"user_id":"2131380058","datacenter":"hetzner","password_provided":true}
[2025-12-09T17:55:43.416Z] {"type":"server_created","server_id":115099117,"user_id":"2131380058","datacenter":"hetzner","password_provided":true}
[2025-12-09T17:57:45.729Z] {"type":"server_deleted","server_id":"115098256","user_id":"2131380058","datacenter":"hetzner"}
[2025-12-09T17:57:54.030Z] {"type":"server_created","server_id":115099210,"user_id":"2131380058","datacenter":"hetzner","password_provided":true}
[2025-12-09T17:58:35.448Z] {"type":"server_created","server_id":115099232,"user_id":"2131380058","datacenter":"hetzner","password_provided":true}
[2025-12-09T17:59:06.193Z] {"type":"server_created","server_id":115099263,"user_id":"2131380058","datacenter":"hetzner","password_provided":true}
[2025-12-09T17:59:15.043Z] {"type":"server_created","server_id":115099267,"user_id":"2131380058","datacenter":"hetzner","password_provided":true}
[2025-12-09T17:59:26.416Z] {"type":"server_created","server_id":115099273,"user_id":"2131380058","datacenter":"hetzner","password_provided":true}
[2025-12-09T17:59:27.220Z] {"type":"server_created","server_id":115099274,"user_id":"2131380058","datacenter":"hetzner","password_provided":true}
[2025-12-09T17:59:37.411Z] {"type":"server_created","server_id":115099285,"user_id":"2131380058","datacenter":"hetzner","password_provided":true}
[2025-12-09T17:59:56.826Z] {"type":"server_created","server_id":115099303,"user_id":"2131380058","datacenter":"hetzner","password_provided":true}
[2025-12-09T17:59:57.582Z] {"type":"server_created","server_id":115099304,"user_id":"2131380058","datacenter":"hetzner","password_provided":true}
[2025-12-09T18:00:21.746Z] {"type":"server_created","server_id":115099360,"user_id":"2131380058","datacenter":"hetzner","password_provided":true}
[2025-12-09T18:00:32.132Z] {"type":"server_created","server_id":115099375,"user_id":"2131380058","datacenter":"hetzner","password_provided":true}
[2025-12-09T18:00:43.153Z] {"type":"server_created","server_id":115099401,"user_id":"2131380058","datacenter":"hetzner","password_provided":true}
[2025-12-09T18:01:14.046Z] {"type":"server_created","server_id":115099455,"user_id":"2131380058","datacenter":"hetzner","password_provided":true}
[2025-12-09T18:01:28.494Z] {"type":"server_created","server_id":115099474,"user_id":"2131380058","datacenter":"hetzner","password_provided":true}
[2025-12-09T18:01:38.241Z] {"type":"server_created","server_id":115099491,"user_id":"2131380058","datacenter":"hetzner","password_provided":true}
[2025-12-09T18:01:49.072Z] {"type":"server_created","server_id":115099515,"user_id":"2131380058","datacenter":"hetzner","password_provided":true}
[2025-12-09T18:01:49.799Z] {"type":"server_created","server_id":115099517,"user_id":"2131380058","datacenter":"hetzner","password_provided":true}
[2025-12-09T18:02:24.689Z] {"type":"server_created","server_id":115099562,"user_id":"2131380058","datacenter":"hetzner","password_provided":true}
[2025-12-09T18:02:53.252Z] {"type":"server_created","server_id":115099579,"user_id":"2131380058","datacenter":"hetzner","password_provided":true}
[2025-12-09T18:03:04.530Z] {"type":"server_created","server_id":115099594,"user_id":"2131380058","datacenter":"hetzner","password_provided":true}
[2025-12-09T18:03:40.594Z] {"type":"server_created","server_id":115099624,"user_id":"2131380058","datacenter":"hetzner","password_provided":true}
[2025-12-09T18:09:06.297Z] {"type":"server_deleted","server_id":"115099285","user_id":"2131380058","datacenter":"hetzner"}
[2025-12-09T18:09:13.340Z] {"type":"server_deleted","server_id":"115099303","user_id":"2131380058","datacenter":"hetzner"}
[2025-12-09T18:09:27.526Z] {"type":"server_deleted","server_id":"115099303","user_id":"2131380058","datacenter":"hetzner"}
[2025-12-09T18:09:33.056Z] {"type":"server_deleted","server_id":"115099082","user_id":"2131380058","datacenter":"hetzner"}
[2025-12-09T18:10:26.005Z] {"type":"server_created","server_id":115099910,"user_id":"2131380058","datacenter":"hetzner","password_provided":true}
[2025-12-09T18:10:51.777Z] {"type":"server_deleted","server_id":"115099360","user_id":"2131380058","datacenter":"hetzner"}
[2025-12-09T18:10:59.777Z] {"type":"server_deleted","server_id":"115099304","user_id":"2131380058","datacenter":"hetzner"}
[2025-12-09T18:11:07.252Z] {"type":"server_deleted","server_id":"115099274","user_id":"2131380058","datacenter":"hetzner"}
[2025-12-09T18:11:14.892Z] {"type":"server_created","server_id":115099933,"user_id":"2131380058","datacenter":"hetzner","password_provided":true}
[2025-12-09T18:11:23.486Z] {"type":"server_created","server_id":115099937,"user_id":"2131380058","datacenter":"hetzner","password_provided":true}
[2025-12-09T18:11:36.313Z] {"type":"server_deleted","server_id":"115099455","user_id":"2131380058","datacenter":"hetzner"}
[2025-12-09T18:12:40.142Z] {"type":"server_deleted","server_id":"115099515","user_id":"2131380058","datacenter":"hetzner"}
[2025-12-09T18:12:54.140Z] {"type":"server_deleted","server_id":"115099517","user_id":"2131380058","datacenter":"hetzner"}
[2025-12-09T18:13:22.214Z] {"type":"server_deleted","server_id":"115099491","user_id":"2131380058","datacenter":"hetzner"}
[2025-12-09T18:13:41.233Z] {"type":"server_deleted","server_id":"115099089","user_id":"2131380058","datacenter":"hetzner"}
[2025-12-09T18:13:49.940Z] {"type":"server_deleted","server_id":"115099105","user_id":"2131380058","datacenter":"hetzner"}
[2025-12-09T18:13:53.070Z] {"type":"server_deleted","server_id":"115099100","user_id":"2131380058","datacenter":"hetzner"}
[2025-12-09T18:13:56.945Z] {"type":"server_deleted","server_id":"115099100","user_id":"2131380058","datacenter":"hetzner"}
[2025-12-09T18:14:01.351Z] {"type":"server_deleted","server_id":"115099093","user_id":"2131380058","datacenter":"hetzner"}
[2025-12-09T18:14:13.839Z] {"type":"server_deleted","server_id":"115099267","user_id":"2131380058","datacenter":"hetzner"}
[2025-12-09T18:14:15.158Z] {"type":"server_created","server_id":115100032,"user_id":"2131380058","datacenter":"hetzner","password_provided":true}
[2025-12-09T18:14:17.823Z] {"type":"server_deleted","server_id":"115099263","user_id":"2131380058","datacenter":"hetzner"}
[2025-12-09T18:14:26.933Z] {"type":"server_deleted","server_id":"115099117","user_id":"2131380058","datacenter":"hetzner"}
[2025-12-09T18:14:28.027Z] {"type":"server_deleted","server_id":"115099210","user_id":"2131380058","datacenter":"hetzner"}
[2025-12-09T18:14:29.487Z] {"type":"server_deleted","server_id":"115099232","user_id":"2131380058","datacenter":"hetzner"}
[2025-12-09T18:14:30.926Z] {"type":"server_deleted","server_id":"115099263","user_id":"2131380058","datacenter":"hetzner"}
[2025-12-09T18:14:40.226Z] {"type":"server_deleted","server_id":"115099273","user_id":"2131380058","datacenter":"hetzner"}
[2025-12-09T18:15:16.022Z] {"type":"server_deleted","server_id":"115099562","user_id":"2131380058","datacenter":"hetzner"}
[2025-12-09T18:15:16.460Z] {"type":"server_deleted","server_id":"115099375","user_id":"2131380058","datacenter":"hetzner"}
[2025-12-09T18:15:18.029Z] {"type":"server_deleted","server_id":"115099579","user_id":"2131380058","datacenter":"hetzner"}
[2025-12-09T18:15:26.045Z] {"type":"server_deleted","server_id":"115100032","user_id":"2131380058","datacenter":"hetzner"}
[2025-12-09T18:15:36.846Z] {"type":"server_deleted","server_id":"115099933","user_id":"2131380058","datacenter":"hetzner"}
[2025-12-09T18:15:46.468Z] {"type":"server_deleted","server_id":"115099937","user_id":"2131380058","datacenter":"hetzner"}
[2025-12-09T18:15:52.048Z] {"type":"server_deleted","server_id":"115099910","user_id":"2131380058","datacenter":"hetzner"}
[2025-12-09T18:16:02.550Z] {"type":"server_deleted","server_id":"115099624","user_id":"2131380058","datacenter":"hetzner"}
[2025-12-09T18:17:24.824Z] {"type":"server_created","server_id":115100259,"user_id":"2131380058","datacenter":"hetzner","password_provided":true}
[2025-12-09T18:17:29.811Z] {"type":"server_deleted","server_id":"115100259","user_id":"2131380058","datacenter":"hetzner"}
[2025-12-09T18:31:18.168Z] {"type":"server_deleted","server_id":"115099594","user_id":"2131380058","datacenter":"hetzner"}
[2025-12-09T18:31:26.018Z] {"type":"server_deleted","server_id":"115099474","user_id":"2131380058","datacenter":"hetzner"}
[2025-12-10T04:18:47.207Z] {"type":"test_server_created","server_id":"2867cb90-14c6-4063-8151-7a880e7d024f","user_id":"37839982","datacenter":"tebyan"}
[2025-12-10T06:18:01.623Z] {"type":"test_server_created","server_id":"0b973cb7-3d44-4621-bd50-f75c8d496c1d","user_id":"8044311227","datacenter":"tebyan"}
[2025-12-10T07:18:04.593Z] {"type":"test_server_created","server_id":"18d1e20a-be99-4bd4-be5e-4908e6614d5e","user_id":"1666522893","datacenter":"tebyan"}
[2025-12-10T07:23:11.999Z] {"type":"test_server_created","server_id":"ce40db11-57aa-4674-9351-11565228beef","user_id":"1666522893","datacenter":"tehran"}
[2025-12-11T11:49:59.797Z] {"type":"test_server_created","server_id":"1454239b-7b98-4ce0-8058-e7cf3fbee2b5","user_id":"5626690851","datacenter":"tehran"}
[2025-12-11T12:35:08.532Z] {"type":"server_deleted","server_id":"5e1ca278-6671-4376-b97b-dca9ca23407c","user_id":"206648292","datacenter":"tabriz"}
[2025-12-11T22:43:38.388Z] {"type":"test_server_created","server_id":"91ad8b41-da17-4738-8882-d019b2af360d","user_id":"7316943278","datacenter":"tebyan"}
[2025-12-12T01:13:05.003Z] {"type":"server_deleted","server_id":"b21a7e3f-2ba3-4293-bcc3-f49ff521f0c6","user_id":"206648292","datacenter":"tehran"}
[2025-12-12T01:29:21.704Z] {"type":"server_created","server_id":115277794,"user_id":"2131380058","datacenter":"hetzner","password_provided":true}
[2025-12-12T01:29:30.548Z] {"type":"server_deleted","server_id":"115277794","user_id":"2131380058","datacenter":"hetzner"}
[2025-12-12T01:46:37.863Z] {"type":"server_created","server_id":"9a6021f2-1640-4c16-a7be-fa05f903ad88","user_id":"206648292","datacenter":"tehran","password_provided":true}
[2025-12-12T01:48:40.351Z] {"type":"server_created","server_id":"9ef18f47-85fc-4d0d-8c93-0d90936abba0","user_id":"206648292","datacenter":"tehran","password_provided":true}
[2025-12-12T01:51:17.470Z] {"type":"server_created","server_id":"2e49fca7-4003-4f91-a057-c0192f10c4ec","user_id":"206648292","datacenter":"tehran","password_provided":true}
[2025-12-12T01:54:01.241Z] {"type":"server_created","server_id":"50774e62-3db5-427e-be42-f9a7c47d25d9","user_id":"206648292","datacenter":"tehran","password_provided":true}
[2025-12-12T12:54:53.275Z] {"type":"server_deleted","server_id":"9a6021f2-1640-4c16-a7be-fa05f903ad88","user_id":"206648292","datacenter":"tehran"}
[2025-12-12T18:08:44.487Z] {"type":"test_server_created","server_id":"81d09db5-c16f-4e3e-a949-a57dd40fcb06","user_id":"7617093504","datacenter":"tebyan"}
[2025-12-12T18:17:59.566Z] {"type":"test_server_created","server_id":"df1422a4-edbd-49dd-8761-a401653b2aee","user_id":"109981003","datacenter":"tebyan"}
[2025-12-12T18:35:10.709Z] {"type":"server_deleted","server_id":"df1422a4-edbd-49dd-8761-a401653b2aee","user_id":"109981003","datacenter":"tebyan"}
[2025-12-12T19:00:11.728Z] {"type":"test_server_created","server_id":"81fb3ff4-8914-4991-92f3-6047e2c1cebe","user_id":"5957257538","datacenter":"tabriz"}
[2025-12-13T06:27:55.244Z] {"type":"server_created","server_id":115358269,"user_id":"2131380058","datacenter":"hetzner","password_provided":true}
[2025-12-13T06:28:18.676Z] {"type":"server_created","server_id":"74d648cd-f0ce-4056-b950-7be89ca7a3c6","user_id":"2131380058","datacenter":"tehran","password_provided":true}
[2025-12-13T06:29:03.987Z] {"type":"server_deleted","server_id":"115358269","user_id":"2131380058","datacenter":"hetzner"}
[2025-12-13T06:47:42.377Z] {"type":"server_deleted","server_id":"74d648cd-f0ce-4056-b950-7be89ca7a3c6","user_id":"2131380058","datacenter":"tehran"}
[2025-12-13T15:12:05.729Z] {"type":"test_server_created","server_id":"f46f8684-a483-4d10-8ce5-df02a4ef9141","user_id":"7356283713","datacenter":"tebyan"}
[2025-12-13T15:17:25.952Z] {"type":"test_server_created","server_id":"888f88bf-2662-49bf-b3c3-62bc06ad3432","user_id":"34252780","datacenter":"tebyan"}
[2025-12-13T15:18:32.401Z] {"type":"server_deleted","server_id":"888f88bf-2662-49bf-b3c3-62bc06ad3432","user_id":"34252780","datacenter":"tebyan"}
[2025-12-13T16:39:30.673Z] {"type":"test_server_created","server_id":"a7347948-c1be-4a93-b8d6-e1cf89d39130","user_id":"684974158","datacenter":"tebyan"}
[2025-12-13T19:23:14.087Z] {"type":"server_created","server_id":"6d77052d-a202-43da-9bcb-c9f07677dab2","user_id":"6415974399","datacenter":"tebyan","password_provided":true}
[2025-12-13T19:24:26.235Z] {"type":"test_server_created","server_id":"8af1839d-5473-4faa-b74c-98bb28ab6962","user_id":"7358181658","datacenter":"tebyan"}
[2025-12-13T19:26:43.156Z] {"type":"test_server_created","server_id":"e9583827-5ad0-4818-a3ca-78e11f6ea3c9","user_id":"7358181658","datacenter":"tabriz"}
[2025-12-14T01:53:55.738Z] {"type":"test_server_created","server_id":"f487ab81-3d13-4310-96f1-e9a4f0b1ebbf","user_id":"46504283","datacenter":"tehran"}
[2025-12-14T10:10:52.591Z] {"type":"test_server_created","server_id":"6cca92f4-52ab-47a1-836b-bd7e891ec47f","user_id":"834511184","datacenter":"tebyan"}
[2025-12-15T04:02:16.267Z] {"type":"test_server_created","server_id":"1960575e-4892-4a58-abd6-e7196af23beb","user_id":"5626795819","datacenter":"tebyan"}
[2025-12-15T04:09:33.029Z] {"type":"test_server_created","server_id":"ffcaca92-b76a-4642-a926-574fe122c1c0","user_id":"1397024796","datacenter":"tebyan"}
[2025-12-15T05:02:13.703Z] {"type":"test_server_created","server_id":"dc5cdee7-6492-4744-8c4b-30e981d16211","user_id":"6034680435","datacenter":"tebyan"}
[2025-12-15T05:02:24.952Z] {"type":"test_server_created","server_id":"32248816-2a76-49eb-9a39-c22ffde756c3","user_id":"5503027858","datacenter":"tabriz"}
[2025-12-15T05:03:00.286Z] {"type":"test_server_created","server_id":"d49856c5-5e29-4b3f-8b84-f60782a622b6","user_id":"6839496298","datacenter":"tabriz"}
[2025-12-15T05:03:41.713Z] {"type":"server_deleted","server_id":"d49856c5-5e29-4b3f-8b84-f60782a622b6","user_id":"6839496298","datacenter":"tabriz"}
[2025-12-15T05:24:20.004Z] {"type":"server_deleted","server_id":"32248816-2a76-49eb-9a39-c22ffde756c3","user_id":"5503027858","datacenter":"tabriz"}
[2025-12-15T05:57:17.387Z] {"type":"test_server_created","server_id":"406bbed6-5cd2-4ca2-bcf9-ae8c74132f53","user_id":"8056020103","datacenter":"tehran"}
[2025-12-15T05:57:21.275Z] {"type":"test_server_created","server_id":"08e6f1d4-4d2a-4608-a2c3-36ce526de529","user_id":"8056020103","datacenter":"tebyan"}
[2025-12-15T05:58:52.660Z] {"type":"test_server_created","server_id":"2429206b-ac20-42c3-987b-4ed3eb4d2a75","user_id":"8056020103","datacenter":"tabriz"}
[2025-12-15T07:16:48.581Z] {"type":"test_server_created","server_id":"28fbc23d-4dde-4f01-b7ec-b3dffffd1a63","user_id":"5503027858","datacenter":"tebyan"}
[2025-12-15T13:36:22.671Z] {"type":"test_server_created","server_id":"59a98b2a-9bca-436c-9e38-e0e0937013c9","user_id":"7013978363","datacenter":"tabriz"}
[2025-12-15T16:22:37.638Z] {"type":"test_server_created","server_id":"9ae9bedd-738e-4919-8d79-a91f1880f574","user_id":"993286953","datacenter":"tabriz"}
[2025-12-15T16:25:36.836Z] {"type":"test_server_created","server_id":"b0f41840-9b4b-4352-ad8a-bdb97e0d3b7e","user_id":"993286953","datacenter":"tebyan"}
[2025-12-15T16:30:14.655Z] {"type":"test_server_created","server_id":"4c7f0c31-a0f4-435a-a8c7-94d48cadc2a6","user_id":"810849373","datacenter":"tabriz"}
[2025-12-15T18:02:45.564Z] {"type":"test_server_created","server_id":"9c8ca815-5b0a-4171-a962-9856f201b420","user_id":"7850657546","datacenter":"tabriz"}
[2025-12-16T00:53:12.204Z] {"type":"server_created","server_id":"1234cfde-5cd5-4fe3-891b-04dca36af00c","user_id":"2131380058","datacenter":"tebyan","password_provided":true}
[2025-12-16T01:11:12.040Z] {"type":"server_deleted","server_id":"1234cfde-5cd5-4fe3-891b-04dca36af00c","user_id":"2131380058","datacenter":"tebyan"}
[2025-12-16T01:18:46.443Z] {"type":"server_created","server_id":115528073,"user_id":"2131380058","datacenter":"hetzner","password_provided":true}
[2025-12-16T01:19:39.381Z] {"type":"server_deleted","server_id":"115528073","user_id":"2131380058","datacenter":"hetzner"}
[2025-12-16T09:54:49.242Z] {"type":"test_server_created","server_id":"b3c2f8fa-69a3-4b37-ab4a-4218b1af1a34","user_id":"6375652703","datacenter":"tehran"}
[2025-12-16T11:21:18.085Z] {"type":"server_created","server_id":"323800f2-08f3-4e26-956a-7da277e0469f","user_id":"206648292","datacenter":"tehran","password_provided":true}
[2025-12-16T11:25:09.852Z] {"type":"server_created","server_id":"d54e74ba-6a3c-487f-b6f6-90b09ad74308","user_id":"206648292","datacenter":"tehran","password_provided":true}
[2025-12-16T11:30:16.307Z] {"type":"server_created","server_id":"7c175f0c-e78e-43d6-9ac7-1ed290fac40a","user_id":"206648292","datacenter":"tehran","password_provided":true}
[2025-12-16T16:08:12.052Z] {"type":"test_server_created","server_id":"6cab3d48-ea8d-4212-bed2-18d72cafd9d6","user_id":"5668093893","datacenter":"tabriz"}
[2025-12-18T15:46:16.290Z] {"type":"test_server_created","server_id":"b8c64845-faad-4816-9e08-7f9f11c944a1","user_id":"6375652703","datacenter":"tebyan"}
[2025-12-18T15:46:36.765Z] {"type":"test_server_created","server_id":"fc34b0f5-083f-48d4-9b14-927fb5fbe5ed","user_id":"6375652703","datacenter":"tabriz"}
[2025-12-19T11:02:49.955Z] {"type":"test_server_created","server_id":"93f61e7f-b9cf-450a-b22d-4560abce08e1","user_id":"430250775","datacenter":"tabriz"}
[2025-12-20T12:55:08.865Z] {"type":"server_created","server_id":115904914,"user_id":"316244055","datacenter":"hetzner","password_provided":true}
[2025-12-20T12:56:37.456Z] {"type":"server_deleted","server_id":"115904914","user_id":"316244055","datacenter":"hetzner"}
[2025-12-20T12:56:44.362Z] {"type":"server_created","server_id":115904941,"user_id":"316244055","datacenter":"hetzner","password_provided":true}
[2025-12-20T13:00:53.377Z] {"type":"server_deleted","server_id":"115904941","user_id":"316244055","datacenter":"hetzner"}
[2025-12-20T13:01:24.612Z] {"type":"server_created","server_id":115905162,"user_id":"316244055","datacenter":"hetzner","password_provided":true}
[2025-12-20T13:02:45.543Z] {"type":"server_created","server_id":115905230,"user_id":"316244055","datacenter":"hetzner","password_provided":true}
[2025-12-20T13:02:57.963Z] {"type":"server_created","server_id":115905234,"user_id":"316244055","datacenter":"hetzner","password_provided":true}
[2025-12-20T13:03:09.052Z] {"type":"server_created","server_id":115905241,"user_id":"316244055","datacenter":"hetzner","password_provided":true}
[2025-12-20T13:04:37.506Z] {"type":"server_created","server_id":115905393,"user_id":"316244055","datacenter":"hetzner","password_provided":true}
[2025-12-20T13:04:46.351Z] {"type":"server_created","server_id":115905401,"user_id":"316244055","datacenter":"hetzner","password_provided":true}
[2025-12-20T13:04:57.484Z] {"type":"server_created","server_id":115905407,"user_id":"316244055","datacenter":"hetzner","password_provided":true}
[2025-12-20T13:05:07.055Z] {"type":"server_created","server_id":115905414,"user_id":"316244055","datacenter":"hetzner","password_provided":true}
[2025-12-20T13:07:04.098Z] {"type":"server_created","server_id":115905489,"user_id":"316244055","datacenter":"hetzner","password_provided":true}
[2025-12-20T13:07:22.614Z] {"type":"server_created","server_id":115905494,"user_id":"316244055","datacenter":"hetzner","password_provided":true}
[2025-12-20T13:08:36.496Z] {"type":"server_created","server_id":115905543,"user_id":"316244055","datacenter":"hetzner","password_provided":true}
[2025-12-20T13:13:47.070Z] {"type":"server_created","server_id":115905669,"user_id":"316244055","datacenter":"hetzner","password_provided":true}
[2025-12-20T13:13:59.167Z] {"type":"server_created","server_id":115905670,"user_id":"316244055","datacenter":"hetzner","password_provided":true}
[2025-12-20T13:14:09.073Z] {"type":"server_created","server_id":115905676,"user_id":"316244055","datacenter":"hetzner","password_provided":true}
[2025-12-20T13:21:40.171Z] {"type":"server_deleted","server_id":"115905676","user_id":"316244055","datacenter":"hetzner"}
[2025-12-20T13:21:45.606Z] {"type":"server_deleted","server_id":"115905670","user_id":"316244055","datacenter":"hetzner"}
[2025-12-20T13:22:16.629Z] {"type":"server_deleted","server_id":"115905543","user_id":"316244055","datacenter":"hetzner"}
[2025-12-20T13:22:29.621Z] {"type":"server_deleted","server_id":"115905162","user_id":"316244055","datacenter":"hetzner"}
[2025-12-20T13:22:35.765Z] {"type":"server_deleted","server_id":"115905230","user_id":"316244055","datacenter":"hetzner"}
[2025-12-20T13:22:44.810Z] {"type":"server_deleted","server_id":"115905234","user_id":"316244055","datacenter":"hetzner"}
[2025-12-20T13:22:51.276Z] {"type":"server_deleted","server_id":"115905241","user_id":"316244055","datacenter":"hetzner"}
[2025-12-20T13:22:56.195Z] {"type":"server_deleted","server_id":"115905393","user_id":"316244055","datacenter":"hetzner"}
[2025-12-20T13:23:01.277Z] {"type":"server_deleted","server_id":"115905401","user_id":"316244055","datacenter":"hetzner"}
[2025-12-20T13:23:07.170Z] {"type":"server_deleted","server_id":"115905407","user_id":"316244055","datacenter":"hetzner"}
[2025-12-20T13:23:18.172Z] {"type":"server_deleted","server_id":"115905414","user_id":"316244055","datacenter":"hetzner"}
[2025-12-20T13:23:21.184Z] {"type":"server_deleted","server_id":"115905489","user_id":"316244055","datacenter":"hetzner"}
[2025-12-20T13:23:23.876Z] {"type":"server_deleted","server_id":"115905494","user_id":"316244055","datacenter":"hetzner"}
[2025-12-20T13:26:09.190Z] {"type":"server_created","server_id":"926c6a40-657b-481b-b3be-be5a6a76b11a","user_id":"316244055","datacenter":"tehran","password_provided":true}
[2025-12-20T14:42:10.695Z] {"type":"test_server_created","server_id":"26adb7bb-5302-45a3-ab8c-ee0b7b8fff3f","user_id":"6328380938","datacenter":"tehran"}
[2025-12-20T14:42:56.541Z] {"type":"server_deleted","server_id":"26adb7bb-5302-45a3-ab8c-ee0b7b8fff3f","user_id":"6328380938","datacenter":"tehran"}
[2025-12-20T14:43:15.534Z] {"type":"test_server_created","server_id":"fd987e0a-dbbd-4797-8874-c8dd46dbf491","user_id":"6328380938","datacenter":"tehran"}
[2025-12-20T14:43:33.551Z] {"type":"server_deleted","server_id":"fd987e0a-dbbd-4797-8874-c8dd46dbf491","user_id":"6328380938","datacenter":"tehran"}
[2025-12-21T01:39:14.003Z] {"type":"server_created","server_id":115933555,"user_id":"2131380058","datacenter":"hetzner","password_provided":true}
[2025-12-21T01:41:36.101Z] {"type":"server_deleted","server_id":"115933555","user_id":"2131380058","datacenter":"hetzner"}
[2025-12-22T05:15:51.492Z] {"type":"test_server_created","server_id":"9db0cb2a-5176-45a9-a987-23795acb5b46","user_id":"117149206","datacenter":"tehran"}
[2025-12-22T15:10:34.555Z] {"type":"test_server_created","server_id":"b68d2b39-b54f-4776-a4e1-bff5449fb796","user_id":"528323129","datacenter":"tebyan"}
[2025-12-22T15:15:12.539Z] {"type":"server_deleted","server_id":"b68d2b39-b54f-4776-a4e1-bff5449fb796","user_id":"528323129","datacenter":"tebyan"}
[2025-12-22T15:35:22.302Z] {"type":"test_server_created","server_id":"f237a402-6aaa-473e-80ae-5bf9bad009f8","user_id":"8430327966","datacenter":"tebyan"}
[2025-12-22T15:50:57.627Z] {"type":"server_created","server_id":116016731,"user_id":"316244055","datacenter":"hetzner","password_provided":true}
[2025-12-22T15:52:20.367Z] {"type":"server_created","server_id":116016807,"user_id":"316244055","datacenter":"hetzner","password_provided":true}
[2025-12-22T15:54:58.178Z] {"type":"server_created","server_id":116017008,"user_id":"316244055","datacenter":"hetzner","password_provided":true}
[2025-12-22T15:55:50.363Z] {"type":"test_server_created","server_id":"f9bc5b36-a068-4baf-a6ec-bba9c768a31e","user_id":"8430327966","datacenter":"tehran"}
[2025-12-22T15:57:20.418Z] {"type":"server_deleted","server_id":"116016807","user_id":"316244055","datacenter":"hetzner"}
[2025-12-22T15:57:26.581Z] {"type":"server_deleted","server_id":"116016731","user_id":"316244055","datacenter":"hetzner"}
[2025-12-22T16:30:40.168Z] {"type":"server_deleted","server_id":"f237a402-6aaa-473e-80ae-5bf9bad009f8","user_id":"8430327966","datacenter":"tebyan"}
[2025-12-22T16:54:50.878Z] {"type":"server_created","server_id":116021622,"user_id":"316244055","datacenter":"hetzner","password_provided":true}
[2025-12-22T16:58:26.423Z] {"type":"server_created","server_id":116021691,"user_id":"316244055","datacenter":"hetzner","password_provided":true}
[2025-12-22T16:58:52.935Z] {"type":"server_created","server_id":116021711,"user_id":"316244055","datacenter":"hetzner","password_provided":true}
[2025-12-22T17:00:23.528Z] {"type":"server_created","server_id":116021876,"user_id":"316244055","datacenter":"hetzner","password_provided":true}
[2025-12-22T17:00:46.514Z] {"type":"server_created","server_id":116021931,"user_id":"316244055","datacenter":"hetzner","password_provided":true}
[2025-12-22T17:01:00.106Z] {"type":"server_created","server_id":116021951,"user_id":"316244055","datacenter":"hetzner","password_provided":true}
[2025-12-22T17:02:07.155Z] {"type":"server_created","server_id":116022092,"user_id":"316244055","datacenter":"hetzner","password_provided":true}
[2025-12-22T17:02:21.970Z] {"type":"server_created","server_id":116022100,"user_id":"316244055","datacenter":"hetzner","password_provided":true}
[2025-12-22T17:02:33.805Z] {"type":"server_created","server_id":116022108,"user_id":"316244055","datacenter":"hetzner","password_provided":true}
[2025-12-22T17:02:48.017Z] {"type":"server_created","server_id":116022115,"user_id":"316244055","datacenter":"hetzner","password_provided":true}
[2025-12-22T17:03:07.524Z] {"type":"server_created","server_id":116022127,"user_id":"316244055","datacenter":"hetzner","password_provided":true}
[2025-12-22T17:03:27.151Z] {"type":"server_created","server_id":116022139,"user_id":"316244055","datacenter":"hetzner","password_provided":true}
[2025-12-22T17:03:41.031Z] {"type":"server_created","server_id":116022146,"user_id":"316244055","datacenter":"hetzner","password_provided":true}
[2025-12-22T17:03:53.962Z] {"type":"server_created","server_id":116022167,"user_id":"316244055","datacenter":"hetzner","password_provided":true}
[2025-12-22T17:04:11.702Z] {"type":"server_created","server_id":116022188,"user_id":"316244055","datacenter":"hetzner","password_provided":true}
[2025-12-22T17:10:05.455Z] {"type":"server_deleted","server_id":"116021622","user_id":"316244055","datacenter":"hetzner"}
[2025-12-22T17:10:13.997Z] {"type":"server_deleted","server_id":"116021691","user_id":"316244055","datacenter":"hetzner"}
[2025-12-22T17:10:18.444Z] {"type":"server_deleted","server_id":"116021711","user_id":"316244055","datacenter":"hetzner"}
[2025-12-22T17:10:38.320Z] {"type":"server_deleted","server_id":"116022167","user_id":"316244055","datacenter":"hetzner"}
[2025-12-22T17:10:39.694Z] {"type":"server_deleted","server_id":"116022146","user_id":"316244055","datacenter":"hetzner"}
[2025-12-22T17:10:41.108Z] {"type":"server_deleted","server_id":"116022139","user_id":"316244055","datacenter":"hetzner"}
[2025-12-22T17:10:42.654Z] {"type":"server_deleted","server_id":"116022127","user_id":"316244055","datacenter":"hetzner"}
[2025-12-22T17:10:44.024Z] {"type":"server_deleted","server_id":"116022115","user_id":"316244055","datacenter":"hetzner"}
[2025-12-22T17:10:45.100Z] {"type":"server_deleted","server_id":"116022108","user_id":"316244055","datacenter":"hetzner"}
[2025-12-22T17:10:46.495Z] {"type":"server_deleted","server_id":"116022100","user_id":"316244055","datacenter":"hetzner"}
[2025-12-22T17:10:48.587Z] {"type":"server_deleted","server_id":"116022092","user_id":"316244055","datacenter":"hetzner"}
[2025-12-22T17:10:49.534Z] {"type":"server_deleted","server_id":"116021951","user_id":"316244055","datacenter":"hetzner"}
[2025-12-22T17:10:50.792Z] {"type":"server_deleted","server_id":"116021931","user_id":"316244055","datacenter":"hetzner"}
[2025-12-22T17:10:52.200Z] {"type":"server_deleted","server_id":"116021876","user_id":"316244055","datacenter":"hetzner"}
[2025-12-22T18:51:10.327Z] {"type":"server_created","server_id":116028601,"user_id":"8430327966","datacenter":"hetzner","password_provided":true}
[2025-12-22T18:55:56.156Z] {"type":"server_deleted","server_id":"116028601","user_id":"8430327966","datacenter":"hetzner"}
[2025-12-22T18:58:07.037Z] {"type":"test_server_created","server_id":"880093a9-3590-4757-b224-8c2b8f72b547","user_id":"6931397471","datacenter":"tehran"}
[2025-12-22T19:24:18.473Z] {"type":"test_server_created","server_id":"26f744f3-a353-461a-b1e4-67780ddc8ba7","user_id":"8396209412","datacenter":"tehran"}
[2025-12-22T19:26:36.379Z] {"type":"test_server_created","server_id":"461871b9-b726-4062-8ccc-e27cf9a1ccc2","user_id":"8396209412","datacenter":"tebyan"}
[2025-12-22T19:26:54.923Z] {"type":"test_server_created","server_id":"f1a707f0-92c8-4d79-b493-e8f45367c552","user_id":"8396209412","datacenter":"tabriz"}
[2025-12-22T19:29:02.601Z] {"type":"server_deleted","server_id":"461871b9-b726-4062-8ccc-e27cf9a1ccc2","user_id":"8396209412","datacenter":"tebyan"}
[2025-12-22T19:29:20.854Z] {"type":"test_server_created","server_id":"5450f1b2-440c-4800-b5ff-0e6ca6058c16","user_id":"8396209412","datacenter":"tebyan"}
[2025-12-22T19:29:49.456Z] {"type":"server_deleted","server_id":"5450f1b2-440c-4800-b5ff-0e6ca6058c16","user_id":"8396209412","datacenter":"tebyan"}
[2025-12-22T19:35:27.625Z] {"type":"test_server_created","server_id":"47487835-528f-41f1-b031-9d3548c4aa9b","user_id":"359265108","datacenter":"tebyan"}
[2025-12-22T19:35:46.240Z] {"type":"server_deleted","server_id":"47487835-528f-41f1-b031-9d3548c4aa9b","user_id":"359265108","datacenter":"tebyan"}
[2025-12-22T21:17:58.615Z] {"type":"test_server_created","server_id":"27638c20-5fdf-42b0-9b9e-dd88ec31479c","user_id":"7651151572","datacenter":"tehran"}
[2025-12-22T21:23:52.963Z] {"type":"test_server_created","server_id":"33712d49-ebfe-4413-afab-89248c79dbd4","user_id":"7651151572","datacenter":"tabriz"}
[2025-12-22T21:24:44.672Z] {"type":"test_server_created","server_id":"08600204-d58f-42c3-b6da-b2dc33b6c06b","user_id":"8430327966","datacenter":"tebyan"}
[2025-12-22T21:24:49.718Z] {"type":"test_server_created","server_id":"b38bc5c7-0a2a-4eff-bd50-7eba7f14bba9","user_id":"8430327966","datacenter":"tabriz"}
[2025-12-22T21:46:41.992Z] {"type":"server_deleted","server_id":"33712d49-ebfe-4413-afab-89248c79dbd4","user_id":"7651151572","datacenter":"tabriz"}
[2025-12-23T13:17:11.102Z] {"type":"test_server_created","server_id":"8c4d91db-fd55-44cc-9082-0ed0ba2c7c32","user_id":"8003706091","datacenter":"tabriz"}
[2025-12-23T17:15:27.959Z] {"type":"server_created","server_id":116097416,"user_id":"7651151572","datacenter":"hetzner","password_provided":true}
[2025-12-23T17:30:27.348Z] {"type":"server_created","server_id":"27ce3e1a-248e-44bb-a4bf-01c56061586f","user_id":"7651151572","datacenter":"tehran","password_provided":true}
[2025-12-23T17:43:52.660Z] {"type":"server_created","server_id":116098980,"user_id":"7651151572","datacenter":"hetzner","password_provided":true}
[2025-12-23T18:31:21.810Z] {"type":"test_server_created","server_id":"3d0a5a17-a16d-4de5-9637-7f5eaf52036b","user_id":"7464708602","datacenter":"tehran"}
[2025-12-23T18:32:29.083Z] {"type":"test_server_created","server_id":"5ab26db2-82b7-40bc-accf-ae2a0ebebef0","user_id":"7464708602","datacenter":"tebyan"}
[2025-12-24T18:14:58.363Z] {"type":"test_server_created","server_id":"959e718a-6aa3-40fe-bf6f-d9aa80a46078","user_id":"8131597926","datacenter":"tehran"}
[2025-12-24T18:16:37.648Z] {"type":"test_server_created","server_id":"eddc594d-445c-40a1-8059-2885f459168e","user_id":"8131597926","datacenter":"tabriz"}
[2025-12-24T22:39:43.504Z] {"type":"server_created","server_id":116169530,"user_id":"2131380058","datacenter":"hetzner","password_provided":true}
[2025-12-24T22:40:29.960Z] {"type":"server_deleted","server_id":"116169530","user_id":"2131380058","datacenter":"hetzner"}
[2025-12-25T08:09:20.134Z] {"type":"test_server_created","server_id":"78c3e8a6-9668-4d55-9e8f-127234de8336","user_id":"7513231262","datacenter":"tabriz"}
[2025-12-26T13:31:07.442Z] {"type":"server_deleted","server_id":"116017008","user_id":"316244055","datacenter":"hetzner"}
[2025-12-26T13:31:16.091Z] {"type":"server_created","server_id":116253687,"user_id":"316244055","datacenter":"hetzner","password_provided":true}
[2025-12-26T20:17:26.575Z] {"type":"server_created","server_id":"220bade9-14b0-41c9-b8fd-38bbf229ebca","user_id":"7502494641","datacenter":"tebyan","password_provided":true}
[2025-12-26T20:17:34.425Z] {"type":"server_deleted","server_id":"220bade9-14b0-41c9-b8fd-38bbf229ebca","user_id":"7502494641","datacenter":"tebyan"}
[2025-12-27T06:54:33.980Z] {"type":"server_created","server_id":116289061,"user_id":"154372790","datacenter":"hetzner","password_provided":true}
[2025-12-27T07:01:44.072Z] {"type":"server_deleted","server_id":"116289061","user_id":"154372790","datacenter":"hetzner"}
[2025-12-27T07:36:44.531Z] {"type":"server_created","server_id":116289958,"user_id":"154372790","datacenter":"hetzner","password_provided":true}
[2025-12-27T07:36:58.976Z] {"type":"server_created","server_id":116289961,"user_id":"154372790","datacenter":"hetzner","password_provided":true}
[2025-12-27T07:37:12.207Z] {"type":"server_created","server_id":116289968,"user_id":"154372790","datacenter":"hetzner","password_provided":true}
[2025-12-27T07:46:16.033Z] {"type":"server_deleted","server_id":"116289961","user_id":"154372790","datacenter":"hetzner"}
[2025-12-27T07:46:19.172Z] {"type":"server_deleted","server_id":"116289968","user_id":"154372790","datacenter":"hetzner"}
[2025-12-27T07:46:34.028Z] {"type":"server_created","server_id":116290167,"user_id":"154372790","datacenter":"hetzner","password_provided":true}
[2025-12-27T07:46:48.201Z] {"type":"server_created","server_id":116290187,"user_id":"154372790","datacenter":"hetzner","password_provided":true}
[2025-12-27T07:47:05.737Z] {"type":"server_created","server_id":116290205,"user_id":"154372790","datacenter":"hetzner","password_provided":true}
[2025-12-27T07:48:02.831Z] {"type":"server_created","server_id":116290227,"user_id":"154372790","datacenter":"hetzner","password_provided":true}
[2025-12-27T07:49:25.623Z] {"type":"server_created","server_id":116290243,"user_id":"154372790","datacenter":"hetzner","password_provided":true}
[2025-12-27T07:50:27.823Z] {"type":"server_created","server_id":116290255,"user_id":"154372790","datacenter":"hetzner","password_provided":true}
[2025-12-27T07:51:36.414Z] {"type":"server_created","server_id":116290267,"user_id":"154372790","datacenter":"hetzner","password_provided":true}
[2025-12-27T07:54:34.771Z] {"type":"server_created","server_id":116290311,"user_id":"154372790","datacenter":"hetzner","password_provided":true}
[2025-12-27T07:56:01.976Z] {"type":"server_created","server_id":116290325,"user_id":"154372790","datacenter":"hetzner","password_provided":true}
[2025-12-27T08:17:17.096Z] {"type":"server_created","server_id":116290990,"user_id":"154372790","datacenter":"hetzner","password_provided":true}
[2025-12-27T08:19:22.144Z] {"type":"server_created","server_id":116291015,"user_id":"154372790","datacenter":"hetzner","password_provided":true}
[2025-12-27T08:25:37.402Z] {"type":"server_created","server_id":116291182,"user_id":"154372790","datacenter":"hetzner","password_provided":true}
[2025-12-27T08:26:59.047Z] {"type":"server_created","server_id":116291205,"user_id":"154372790","datacenter":"hetzner","password_provided":true}
[2025-12-27T08:29:28.045Z] {"type":"server_created","server_id":116291245,"user_id":"154372790","datacenter":"hetzner","password_provided":true}
[2025-12-27T08:31:38.820Z] {"type":"server_created","server_id":116291371,"user_id":"154372790","datacenter":"hetzner","password_provided":true}
[2025-12-27T08:32:39.775Z] {"type":"server_created","server_id":116291406,"user_id":"154372790","datacenter":"hetzner","password_provided":true}
[2025-12-27T08:43:42.366Z] {"type":"server_created","server_id":116291619,"user_id":"154372790","datacenter":"hetzner","password_provided":true}
[2025-12-27T08:45:27.757Z] {"type":"server_deleted","server_id":"116291619","user_id":"154372790","datacenter":"hetzner"}
[2025-12-27T08:45:38.025Z] {"type":"server_deleted","server_id":"116291245","user_id":"154372790","datacenter":"hetzner"}
[2025-12-27T08:45:38.988Z] {"type":"server_deleted","server_id":"116291205","user_id":"154372790","datacenter":"hetzner"}
[2025-12-27T08:45:39.614Z] {"type":"server_deleted","server_id":"116291182","user_id":"154372790","datacenter":"hetzner"}
[2025-12-27T08:45:40.700Z] {"type":"server_deleted","server_id":"116291015","user_id":"154372790","datacenter":"hetzner"}
[2025-12-27T08:45:41.700Z] {"type":"server_deleted","server_id":"116290325","user_id":"154372790","datacenter":"hetzner"}
[2025-12-27T08:45:42.456Z] {"type":"server_deleted","server_id":"116290267","user_id":"154372790","datacenter":"hetzner"}
[2025-12-27T08:46:00.840Z] {"type":"server_deleted","server_id":"116290990","user_id":"154372790","datacenter":"hetzner"}
[2025-12-27T08:46:16.314Z] {"type":"server_deleted","server_id":"116290311","user_id":"154372790","datacenter":"hetzner"}
[2025-12-27T08:46:16.949Z] {"type":"server_deleted","server_id":"116290255","user_id":"154372790","datacenter":"hetzner"}
[2025-12-27T08:46:17.757Z] {"type":"server_deleted","server_id":"116290243","user_id":"154372790","datacenter":"hetzner"}
[2025-12-27T08:46:18.467Z] {"type":"server_deleted","server_id":"116290205","user_id":"154372790","datacenter":"hetzner"}
[2025-12-27T08:46:19.433Z] {"type":"server_deleted","server_id":"116290187","user_id":"154372790","datacenter":"hetzner"}
[2025-12-27T08:46:28.966Z] {"type":"server_deleted","server_id":"116290167","user_id":"154372790","datacenter":"hetzner"}
[2025-12-27T08:46:32.951Z] {"type":"server_deleted","server_id":"116290227","user_id":"154372790","datacenter":"hetzner"}
[2025-12-27T09:10:02.412Z] {"type":"server_created","server_id":116292328,"user_id":"7502494641","datacenter":"hetzner","password_provided":true}
[2025-12-27T09:11:24.053Z] {"type":"server_deleted","server_id":"116292328","user_id":"7502494641","datacenter":"hetzner"}
[2025-12-27T11:56:02.707Z] {"type":"server_deleted","server_id":"116289958","user_id":"154372790","datacenter":"hetzner"}
[2025-12-27T17:06:10.920Z] {"type":"server_created","server_id":116305402,"user_id":"2131380058","datacenter":"hetzner","password_provided":true}
[2025-12-27T17:07:36.352Z] {"type":"server_deleted","server_id":"116305402","user_id":"2131380058","datacenter":"hetzner"}
[2025-12-28T05:09:09.781Z] {"type":"server_deleted","server_id":"116291371","user_id":"154372790","datacenter":"hetzner"}
[2025-12-28T05:09:19.125Z] {"type":"server_deleted","server_id":"116291406","user_id":"154372790","datacenter":"hetzner"}
[2025-12-28T14:37:25.483Z] {"type":"server_created","server_id":116341691,"user_id":"434864254","datacenter":"hetzner","password_provided":true}
[2025-12-28T16:00:28.544Z] {"type":"server_deleted","server_id":"116341691","user_id":"434864254","datacenter":"hetzner"}
[2025-12-29T10:09:24.434Z] {"type":"test_server_created","server_id":"e2eb34c1-5c50-4b2a-8e42-56b12f280c5c","user_id":"7672136497","datacenter":"tehran"}
[2025-12-29T12:17:17.328Z] {"type":"server_created","server_id":"de3fe227-e304-4ab5-9950-a6abbaa14f12","user_id":"5219296204","datacenter":"tebyan","password_provided":true}
[2025-12-29T16:02:54.978Z] {"type":"server_created","server_id":"69741b60-3ed1-43e2-8fb7-13676f606d74","user_id":"5480598719","datacenter":"tebyan","password_provided":true}
[2025-12-29T18:01:43.117Z] {"type":"server_created","server_id":"e03136da-48ec-44d9-a2e9-a9e21382d018","user_id":"1395457843","datacenter":"tebyan","password_provided":true}
[2025-12-29T18:03:54.000Z] {"type":"test_server_created","server_id":"4d2f9151-a47b-4b9a-8855-dedb23182c65","user_id":"7010095136","datacenter":"tebyan"}
[2025-12-29T18:52:44.262Z] {"type":"server_deleted","server_id":"69741b60-3ed1-43e2-8fb7-13676f606d74","user_id":"5480598719","datacenter":"tebyan"}
[2025-12-29T21:43:17.015Z] {"type":"server_deleted","server_id":"ffcaca92-b76a-4642-a926-574fe122c1c0","user_id":"1397024796","datacenter":"tebyan"}
[2025-12-29T21:49:54.098Z] {"type":"server_created","server_id":"58bd8eea-ec27-4fdc-ab10-122a302e7885","user_id":"1397024796","datacenter":"tebyan","password_provided":true}
[2025-12-29T22:59:29.120Z] {"type":"test_server_created","server_id":"5fd59158-7b27-4f41-8580-c4fa120c9baa","user_id":"7913530713","datacenter":"tebyan"}
[2025-12-29T23:01:55.364Z] {"type":"server_created","server_id":"b3755265-3b36-4b76-8855-36d7200cbc52","user_id":"206648292","datacenter":"tebyan","password_provided":true}
[2025-12-29T23:48:48.354Z] {"type":"test_server_created","server_id":"1265c5cb-939f-454b-996a-2ed77ff10ec9","user_id":"7459630585","datacenter":"tebyan"}
[2025-12-30T06:46:44.663Z] {"type":"test_server_created","server_id":"6062aa6f-7518-438e-8a91-09910daf8398","user_id":"1395457843","datacenter":"tebyan"}
[2025-12-30T11:00:47.080Z] {"type":"test_server_created","server_id":"4abd2ffc-bbae-4bdc-af64-ac1e2bb369f7","user_id":"1045202254","datacenter":"tehran"}
[2025-12-30T12:38:31.565Z] {"type":"test_server_created","server_id":"083bdda3-2d8a-4b0a-a411-616125a350ac","user_id":"225390529","datacenter":"tebyan"}
[2025-12-30T13:09:41.002Z] {"type":"server_deleted","server_id":"7a2162a3-609d-4778-aa44-3f8d1ac82912","user_id":"206648292","datacenter":"tehran"}
[2025-12-30T13:10:20.980Z] {"type":"server_deleted","server_id":"be21d0a1-9693-4d26-a8dc-f40a81b4fbd5","user_id":"206648292","datacenter":"tehran"}
[2025-12-30T13:39:12.455Z] {"type":"test_server_created","server_id":"5a506b0c-5130-4a6a-b021-df1b956cf8ad","user_id":"165419739","datacenter":"tebyan"}
[2025-12-30T14:13:14.529Z] {"type":"server_created","server_id":"4042ef45-4bea-49d2-9dbb-0ce0db376d43","user_id":"1045202254","datacenter":"tehran","password_provided":true}
[2025-12-30T14:14:47.723Z] {"type":"server_created","server_id":116474142,"user_id":"1045202254","datacenter":"hetzner","password_provided":true}
[2025-12-30T14:55:40.221Z] {"type":"test_server_created","server_id":"c9057b29-e15b-4ba6-9410-3b5dfb28bab1","user_id":"108121802","datacenter":"tebyan"}
[2025-12-30T17:14:27.417Z] {"type":"server_created","server_id":"19b99b00-3902-4bcf-a9da-c82b7a0b3aab","user_id":"29699835","datacenter":"tebyan","password_provided":true}
[2025-12-30T19:17:31.480Z] {"type":"test_server_created","server_id":"eb432008-f057-4073-ad13-d161f309e5d0","user_id":"6045042973","datacenter":"tebyan"}
[2025-12-30T19:29:11.056Z] {"type":"server_created","server_id":"8283c106-c870-43b8-95ad-0c1d266b5719","user_id":"6045042973","datacenter":"tebyan","password_provided":true}
[2025-12-30T19:29:35.102Z] {"type":"test_server_created","server_id":"50e9d8f2-a643-4746-b122-67f91d693a4d","user_id":"287054915","datacenter":"tabriz"}
[2025-12-30T21:00:12.523Z] {"type":"test_server_created","server_id":"3a468e5e-1a97-467f-936a-b42f20369550","user_id":"970735346","datacenter":"tebyan"}
[2025-12-30T21:03:48.672Z] {"type":"test_server_created","server_id":"fa5af0d9-88f1-45fb-8b74-613af2d2400b","user_id":"970735346","datacenter":"tehran"}
[2025-12-30T21:04:09.252Z] {"type":"test_server_created","server_id":"3bc7d7bc-037c-4a50-918b-5a1e8fbd5a8d","user_id":"970735346","datacenter":"tabriz"}
[2025-12-30T21:08:38.608Z] {"type":"server_created","server_id":"98428fbd-207d-4d5f-8a40-4ad6ff3f1ad3","user_id":"8350222250","datacenter":"tebyan","password_provided":true}
[2025-12-30T21:33:30.802Z] {"type":"server_created","server_id":"a91e7479-ee7f-4053-aad7-0137b76d43db","user_id":"970735346","datacenter":"tebyan","password_provided":true}
[2025-12-31T08:45:42.290Z] {"type":"server_created","server_id":"d2f81eda-494a-4f23-85ed-89d7d0a549bf","user_id":"8581540267","datacenter":"tebyan","password_provided":true}
[2025-12-31T09:53:23.125Z] {"type":"test_server_created","server_id":"7226d1b7-1fc8-4b47-86fe-3709f0ceeb98","user_id":"6157639647","datacenter":"tehran"}
[2025-12-31T13:07:06.094Z] {"type":"server_created","server_id":"9dd9f797-e27a-48ee-8af4-357694cf0565","user_id":"2124717179","datacenter":"tebyan","password_provided":true}
[2025-12-31T15:55:46.336Z] {"type":"server_deleted","server_id":"50e9d8f2-a643-4746-b122-67f91d693a4d","user_id":"287054915","datacenter":"tabriz"}
[2025-12-31T16:02:08.142Z] {"type":"server_created","server_id":"c881e1e2-d24e-4a5a-8393-8b03b0b9ab2b","user_id":"287054915","datacenter":"tabriz","password_provided":true}
[2025-12-31T21:50:28.596Z] {"type":"test_server_created","server_id":"3ffc5f21-a0c7-4350-ae63-4ce9ca8885ba","user_id":"6698922050","datacenter":"tebyan"}
[2025-12-31T21:55:28.384Z] {"type":"test_server_created","server_id":"0acff194-6f1b-4f50-b5c1-09708132947a","user_id":"7986819267","datacenter":"tehran"}
[2026-01-01T08:50:34.398Z] {"type":"server_created","server_id":"7c227d27-a958-4c14-a8a7-bd7f0b322433","user_id":"1395457843","datacenter":"tebyan","password_provided":true}
[2026-01-01T11:21:53.138Z] {"type":"server_created","server_id":"b429c204-3456-4186-b0ca-b814786c8532","user_id":"1758709005","datacenter":"tebyan","password_provided":true}
[2026-01-01T12:08:39.742Z] {"type":"server_created","server_id":"9a8281a8-a79c-46b0-8fc2-e312e6f9d941","user_id":"1758709005","datacenter":"tebyan","password_provided":true}
[2026-01-01T12:11:05.451Z] {"type":"server_created","server_id":"eb943417-7945-436a-b587-6ba43e0397e8","user_id":"1758709005","datacenter":"tebyan","password_provided":true}
[2026-01-01T12:24:55.077Z] {"type":"server_created","server_id":"c5fff8e4-adbf-4add-92de-57deb94f8a14","user_id":"1758709005","datacenter":"tebyan","password_provided":true}
[2026-01-01T12:49:39.367Z] {"type":"server_deleted","server_id":"9a8281a8-a79c-46b0-8fc2-e312e6f9d941","user_id":"1758709005","datacenter":"tebyan"}
[2026-01-01T12:58:56.189Z] {"type":"test_server_created","server_id":"88ea24ad-5662-4e4b-a159-16451f6413f8","user_id":"7781565449","datacenter":"tehran"}
[2026-01-01T13:22:52.555Z] {"type":"server_created","server_id":"d0d9b580-99e0-4a3d-aed6-d6d708008f10","user_id":"7913530713","datacenter":"tebyan","password_provided":true}
[2026-01-01T14:19:23.467Z] {"type":"server_created","server_id":"c837d507-f6c4-4b8d-a2ed-c941a2bfcf87","user_id":"7502494641","datacenter":"tebyan","password_provided":true}
[2026-01-01T14:20:19.879Z] {"type":"server_deleted","server_id":"c837d507-f6c4-4b8d-a2ed-c941a2bfcf87","user_id":"7502494641","datacenter":"tebyan"}
[2026-01-01T15:21:52.608Z] {"type":"server_created","server_id":"57943e9f-3a44-46b7-a979-bb3cc2874954","user_id":"7913530713","datacenter":"tebyan","password_provided":true}
[2026-01-01T17:00:15.333Z] {"type":"server_created","server_id":"d1190835-553c-4e0c-a5d4-cd9fedfc910a","user_id":"8581540267","datacenter":"tebyan","password_provided":true}
[2026-01-01T17:20:37.666Z] {"type":"server_deleted","server_id":"8283c106-c870-43b8-95ad-0c1d266b5719","user_id":"6045042973","datacenter":"tebyan"}
[2026-01-01T19:30:31.179Z] {"type":"server_created","server_id":"f981d56a-ca04-4b08-92a0-bc3706232160","user_id":"1758709005","datacenter":"tebyan","password_provided":true}
[2026-01-01T20:48:24.156Z] {"type":"server_created","server_id":"a067a8ab-96c2-42c2-ba55-4ade131f1f11","user_id":"2131380058","datacenter":"tebyan","password_provided":true}
[2026-01-01T21:00:25.697Z] {"type":"server_deleted","server_id":"a067a8ab-96c2-42c2-ba55-4ade131f1f11","user_id":"2131380058","datacenter":"tebyan"}
[2026-01-01T21:53:12.283Z] {"type":"server_created","server_id":"a000cc31-b459-4eb2-99c2-28e7ac9f2ecf","user_id":"677054457","datacenter":"tebyan","password_provided":true}
[2026-01-01T23:53:58.769Z] {"type":"server_created","server_id":"6c608b0e-f916-4ff4-a62d-4897f9a805b1","user_id":"2131380058","datacenter":"tabriz","password_provided":true}
[2026-01-02T00:23:18.755Z] {"type":"server_deleted","server_id":"6c608b0e-f916-4ff4-a62d-4897f9a805b1","user_id":"2131380058","datacenter":"tabriz"}
[2026-01-02T01:28:23.961Z] {"type":"server_created","server_id":"86e087f1-eec5-4278-bac8-3d8fbb8e9bd9","user_id":"1676303495","datacenter":"tebyan","password_provided":true}
[2026-01-02T11:40:19.684Z] {"type":"server_deleted","server_id":"116474142","user_id":"1045202254","datacenter":"hetzner"}
[2026-01-02T11:40:39.344Z] {"type":"server_deleted","server_id":"4042ef45-4bea-49d2-9dbb-0ce0db376d43","user_id":"1045202254","datacenter":"tehran"}
[2026-01-02T14:26:08.028Z] {"type":"server_deleted","server_id":"9e9bd61b-e585-41e4-b227-695805e17feb","user_id":"1676303495","datacenter":"tebyan"}
[2026-01-02T15:52:13.192Z] {"type":"server_deleted","server_id":"116022188","user_id":"316244055","datacenter":"hetzner"}
[2026-01-02T15:59:46.993Z] {"type":"server_deleted","server_id":"926c6a40-657b-481b-b3be-be5a6a76b11a","user_id":"316244055","datacenter":"tehran"}
[2026-01-02T15:59:55.258Z] {"type":"server_deleted","server_id":"31307bbe-3f8c-478a-87da-8bead6c25c1c","user_id":"316244055","datacenter":"tehran"}
[2026-01-02T16:07:25.429Z] {"type":"server_created","server_id":116628645,"user_id":"316244055","datacenter":"hetzner","password_provided":true}
[2026-01-02T16:08:20.021Z] {"type":"server_deleted","server_id":"116628645","user_id":"316244055","datacenter":"hetzner"}
[2026-01-02T16:08:31.470Z] {"type":"server_created","server_id":116628670,"user_id":"316244055","datacenter":"hetzner","password_provided":true}
[2026-01-02T16:08:42.407Z] {"type":"server_created","server_id":116628673,"user_id":"316244055","datacenter":"hetzner","password_provided":true}
[2026-01-02T16:08:54.985Z] {"type":"server_created","server_id":116628680,"user_id":"316244055","datacenter":"hetzner","password_provided":true}
[2026-01-02T16:09:16.851Z] {"type":"server_created","server_id":116628692,"user_id":"316244055","datacenter":"hetzner","password_provided":true}
[2026-01-02T16:09:50.442Z] {"type":"server_created","server_id":116628710,"user_id":"316244055","datacenter":"hetzner","password_provided":true}
[2026-01-02T16:10:48.422Z] {"type":"server_created","server_id":116628744,"user_id":"316244055","datacenter":"hetzner","password_provided":true}
[2026-01-02T16:11:23.271Z] {"type":"server_created","server_id":116628764,"user_id":"316244055","datacenter":"hetzner","password_provided":true}
[2026-01-02T16:11:38.545Z] {"type":"server_deleted","server_id":"116628680","user_id":"316244055","datacenter":"hetzner"}
[2026-01-02T16:11:41.643Z] {"type":"server_deleted","server_id":"116628710","user_id":"316244055","datacenter":"hetzner"}
[2026-01-02T16:12:04.738Z] {"type":"server_deleted","server_id":"116628670","user_id":"316244055","datacenter":"hetzner"}
[2026-01-02T16:12:06.100Z] {"type":"server_deleted","server_id":"116628673","user_id":"316244055","datacenter":"hetzner"}
[2026-01-02T16:12:47.246Z] {"type":"server_deleted","server_id":"116628692","user_id":"316244055","datacenter":"hetzner"}
[2026-01-02T19:05:02.977Z] {"type":"server_created","server_id":"782f9fea-6d33-4796-8206-171dc80f9e0a","user_id":"143154830","datacenter":"tebyan","password_provided":true}
[2026-01-02T19:06:36.399Z] {"type":"server_created","server_id":"8f087d57-9df7-485b-8c8f-9bc98f3faa7d","user_id":"143154830","datacenter":"tebyan","password_provided":true}
[2026-01-02T19:08:02.672Z] {"type":"server_created","server_id":"939e2edc-4f86-407b-862a-bdb0c7900524","user_id":"143154830","datacenter":"tebyan","password_provided":true}
[2026-01-02T19:11:12.127Z] {"type":"server_created","server_id":"ae8ccbbb-456c-4f65-a656-dd5cd7dcdfe3","user_id":"143154830","datacenter":"tebyan","password_provided":true}
[2026-01-02T19:13:43.833Z] {"type":"server_created","server_id":"cca67809-d86c-4379-9ab8-be766020d371","user_id":"1758709005","datacenter":"tebyan","password_provided":true}
[2026-01-02T20:02:26.592Z] {"type":"test_server_created","server_id":"7edc91bb-ae61-4cb8-89ce-c0ea2699ace1","user_id":"6420807350","datacenter":"tebyan"}
[2026-01-02T20:13:38.713Z] {"type":"test_server_created","server_id":"dcf7dbc0-174e-4664-9b49-f21e61f3f2bb","user_id":"713840794","datacenter":"tebyan"}
[2026-01-02T20:27:15.373Z] {"type":"test_server_created","server_id":"85ae4d94-3d78-4b3e-a56b-e2fad7d97000","user_id":"294799662","datacenter":"tebyan"}
[2026-01-02T21:33:19.257Z] {"type":"server_created","server_id":"bd875831-6e1f-4c8b-a813-9c29115c27cb","user_id":"7502494641","datacenter":"tebyan","password_provided":true}
[2026-01-03T09:48:05.899Z] {"type":"test_server_created","server_id":"b68acc5d-035d-4680-a8c1-bce1e1f34189","user_id":"8047310990","datacenter":"tebyan"}
[2026-01-03T09:54:34.518Z] {"type":"test_server_created","server_id":"3e886bec-9aa0-4bf1-bdc8-eda63372f84a","user_id":"5577750912","datacenter":"tabriz"}
[2026-01-03T09:57:16.053Z] {"type":"test_server_created","server_id":"9640cd59-54be-4ce0-9a93-ed9bb37d16d6","user_id":"7926177078","datacenter":"tehran"}
[2026-01-03T10:01:13.227Z] {"type":"server_deleted","server_id":"76714134-7718-40a5-ad48-1f327cfa2a84","user_id":"762735517","datacenter":"tehran"}
[2026-01-03T10:02:30.742Z] {"type":"server_created","server_id":"76714134-7718-40a5-ad48-1f327cfa2a84","user_id":"762735517","datacenter":"tehran","password_provided":true}
[2026-01-03T14:07:25.409Z] {"type":"server_created","server_id":"ea4a786d-97de-4d1a-95f1-f1ebe5085352","user_id":"2131380058","datacenter":"tehran","password_provided":true}
[2026-01-03T14:13:28.746Z] {"type":"server_created","server_id":"5603a9a8-4336-477d-924d-62048521e507","user_id":"1758709005","datacenter":"tebyan","password_provided":true}
[2026-01-03T15:02:38.054Z] {"type":"server_created","server_id":"cc8c7739-18d7-49b0-86ed-6cd66b633a54","user_id":"1758709005","datacenter":"tebyan","password_provided":true}
[2026-01-03T17:46:01.873Z] {"type":"server_created","server_id":"2c370b58-429c-4dc2-b33a-d76366c8685c","user_id":"5124714803","datacenter":"tebyan","password_provided":true}
[2026-01-03T19:22:37.508Z] {"type":"server_created","server_id":"69ce16ce-5ec7-48ea-a42a-3f1040f4db12","user_id":"5124714803","datacenter":"tebyan","password_provided":true}
[2026-01-03T21:20:06.595Z] {"type":"test_server_created","server_id":"95f24eb9-f33a-45db-9b69-a96ba0ba2a40","user_id":"7563493701","datacenter":"tehran"}
[2026-01-03T21:26:14.304Z] {"type":"server_deleted","server_id":"95f24eb9-f33a-45db-9b69-a96ba0ba2a40","user_id":"7563493701","datacenter":"tehran"}
[2026-01-04T09:06:34.624Z] {"type":"server_deleted","server_id":"8729183d-3d93-4339-85d6-f9938771c960","user_id":"762735517","datacenter":"tebyan"}
[2026-01-04T09:21:54.626Z] {"type":"test_server_created","server_id":"bd6cbb27-aca1-4bfd-b6b2-7156860b78c2","user_id":"716167338","datacenter":"tebyan"}
[2026-01-04T09:53:42.497Z] {"type":"test_server_created","server_id":"d089567e-c517-44a7-a961-7aa29ceb9d39","user_id":"716167338","datacenter":"tehran"}
[2026-01-04T09:55:23.787Z] {"type":"test_server_created","server_id":"96162048-4397-45ba-8436-e1f3bb5fbd12","user_id":"716167338","datacenter":"tabriz"}
[2026-01-04T10:03:30.049Z] {"type":"server_deleted","server_id":"7c227d27-a958-4c14-a8a7-bd7f0b322433","user_id":"1395457843","datacenter":"tebyan"}
[2026-01-04T11:54:59.332Z] {"type":"server_created","server_id":"7c871388-e39d-4513-b728-418d8083b6c0","user_id":"2131380058","datacenter":"tabriz","password_provided":true}
[2026-01-04T12:09:29.738Z] {"type":"server_deleted","server_id":"ea4a786d-97de-4d1a-95f1-f1ebe5085352","user_id":"2131380058","datacenter":"tehran"}
[2026-01-04T14:23:32.367Z] {"type":"server_deleted","server_id":"c5fff8e4-adbf-4add-92de-57deb94f8a14","user_id":"1758709005","datacenter":"tebyan"}
[2026-01-04T15:07:11.811Z] {"type":"test_server_created","server_id":"ec285b83-857a-4d7f-8c8c-519471a21443","user_id":"92595201","datacenter":"tabriz"}
[2026-01-04T15:18:50.441Z] {"type":"server_created","server_id":"30bb8433-7051-49ed-bfdc-da86e2ad15e0","user_id":"2131380058","datacenter":"tebyan","password_provided":true}
[2026-01-04T15:25:40.338Z] {"type":"server_deleted","server_id":"30bb8433-7051-49ed-bfdc-da86e2ad15e0","user_id":"2131380058","datacenter":"tebyan"}
[2026-01-04T16:28:25.421Z] {"type":"test_server_created","server_id":"8abd4486-65f1-4940-b56d-a152d3805663","user_id":"7725195042","datacenter":"tebyan"}
[2026-01-04T16:32:04.655Z] {"type":"server_deleted","server_id":"8abd4486-65f1-4940-b56d-a152d3805663","user_id":"7725195042","datacenter":"tebyan"}
[2026-01-04T18:00:19.090Z] {"type":"test_server_created","server_id":"37379423-34f7-41ac-b11d-76fc627982d5","user_id":"8396209412","datacenter":"tebyan"}
[2026-01-04T18:17:01.586Z] {"type":"test_server_created","server_id":"acf2c2c6-bf74-4640-b95b-82eb227cfb4c","user_id":"8288368845","datacenter":"tabriz"}
[2026-01-04T19:25:58.323Z] {"type":"test_server_created","server_id":"42ed28a7-779a-4bf6-bf30-54fed249dd80","user_id":"8356845169","datacenter":"tebyan"}
[2026-01-04T19:59:19.747Z] {"type":"server_created","server_id":"5a809531-f24a-4b73-8f04-08cf3d2fd181","user_id":"8356845169","datacenter":"tebyan","password_provided":true}
[2026-01-04T19:59:54.104Z] {"type":"test_server_created","server_id":"a5e876b6-b59d-45af-a304-7321b2911dfb","user_id":"5830781052","datacenter":"tebyan"}
[2026-01-04T20:19:38.187Z] {"type":"server_created","server_id":"fe387646-cdaf-4926-aeb1-bdc54d56c0bc","user_id":"8356845169","datacenter":"tebyan","password_provided":true}
[2026-01-04T20:19:41.008Z] {"type":"server_deleted","server_id":"5a809531-f24a-4b73-8f04-08cf3d2fd181","user_id":"8356845169","datacenter":"tebyan"}
[2026-01-04T20:22:55.598Z] {"type":"test_server_created","server_id":"55bf0bcf-b27c-467e-bb20-c62517e5a998","user_id":"1556741940","datacenter":"tebyan"}
[2026-01-04T20:55:48.733Z] {"type":"test_server_created","server_id":"873b1680-3dba-4711-a632-1697fd56d567","user_id":"1183894386","datacenter":"tebyan"}
[2026-01-04T20:59:13.371Z] {"type":"server_created","server_id":"acd0ee00-1a14-4714-ab2f-63111265753a","user_id":"35773181","datacenter":"tebyan","password_provided":true}
[2026-01-04T21:16:39.137Z] {"type":"test_server_created","server_id":"d5671fbc-41d3-4158-aad5-1dfca232c7b6","user_id":"6522922836","datacenter":"tebyan"}
[2026-01-04T22:08:21.482Z] {"type":"server_deleted","server_id":"2c370b58-429c-4dc2-b33a-d76366c8685c","user_id":"5124714803","datacenter":"tebyan"}
[2026-01-04T22:42:36.722Z] {"type":"test_server_created","server_id":"79897921-905c-4c32-9fbd-eb4b8ce7608e","user_id":"6096004671","datacenter":"tebyan"}
[2026-01-04T22:49:30.397Z] {"type":"server_deleted","server_id":"79897921-905c-4c32-9fbd-eb4b8ce7608e","user_id":"6096004671","datacenter":"tebyan"}
[2026-01-04T22:49:46.807Z] {"type":"server_deleted","server_id":"79897921-905c-4c32-9fbd-eb4b8ce7608e","user_id":"6096004671","datacenter":"tebyan"}
[2026-01-04T23:12:32.015Z] {"type":"server_created","server_id":"d1cd4204-d5d0-45a6-8442-ec70458876ff","user_id":"2131380058","datacenter":"tabriz","password_provided":true}
[2026-01-04T23:22:26.728Z] {"type":"server_deleted","server_id":"7c871388-e39d-4513-b728-418d8083b6c0","user_id":"2131380058","datacenter":"tabriz"}
[2026-01-05T01:58:04.154Z] {"type":"server_created","server_id":"8ab6f280-cdab-4da3-90a2-fd2d2ed3a823","user_id":"1676303495","datacenter":"tabriz","password_provided":true}
[2026-01-05T06:35:47.423Z] {"type":"test_server_created","server_id":"c8f7032b-ce9a-468e-9e60-d01e64930049","user_id":"6059982197","datacenter":"tebyan"}
[2026-01-05T06:35:52.927Z] {"type":"test_server_created","server_id":"d83d5ead-e79b-4533-866e-ec1bfd236041","user_id":"6059982197","datacenter":"tehran"}
[2026-01-05T07:17:32.447Z] {"type":"server_created","server_id":"2289f397-756c-4f1a-b7ca-6e2aca6b8b9d","user_id":"2131380058","datacenter":"tebyan","password_provided":true}
[2026-01-05T07:19:03.451Z] {"type":"server_deleted","server_id":"2289f397-756c-4f1a-b7ca-6e2aca6b8b9d","user_id":"2131380058","datacenter":"tebyan"}
[2026-01-05T07:20:10.059Z] {"type":"server_created","server_id":"c9a4a4ac-b176-4e5f-8eff-6d8f16f28215","user_id":"2131380058","datacenter":"tehran","password_provided":true}
[2026-01-05T10:20:01.786Z] {"type":"server_deleted","server_id":"bd875831-6e1f-4c8b-a813-9c29115c27cb","user_id":"7502494641","datacenter":"tebyan"}
[2026-01-05T10:20:25.364Z] {"type":"server_deleted","server_id":"ad01753e-caa6-4aa8-ba97-c72dd02ec17c","user_id":"7502494641","datacenter":"tebyan"}
[2026-01-05T10:21:53.587Z] {"type":"server_created","server_id":"ad01753e-caa6-4aa8-ba97-c72dd02ec17c","user_id":"7502494641","datacenter":"tebyan","password_provided":true}
[2026-01-05T10:42:52.673Z] {"type":"server_deleted","server_id":"d1cd4204-d5d0-45a6-8442-ec70458876ff","user_id":"2131380058","datacenter":"tabriz"}
[2026-01-05T11:04:12.983Z] {"type":"test_server_created","server_id":"ebbe9be1-c137-44c0-8a4b-74da3b8ed6fd","user_id":"7031713719","datacenter":"tebyan"}
[2026-01-05T11:43:20.227Z] {"type":"test_server_created","server_id":"40c73362-3c0e-42fc-89d5-8b94d556ba5e","user_id":"6770132277","datacenter":"tebyan"}
[2026-01-05T15:40:19.862Z] {"type":"server_deleted","server_id":"c9a4a4ac-b176-4e5f-8eff-6d8f16f28215","user_id":"2131380058","datacenter":"tehran"}
[2026-01-05T17:52:01.043Z] {"type":"test_server_created","server_id":"a3d567fc-4d0a-4483-bd9a-3a9aef4f5801","user_id":"1185561710","datacenter":"tebyan"}
[2026-01-05T19:51:58.766Z] {"type":"test_server_created","server_id":"eaffdc28-35e3-44c0-8a2a-8331d29ba1d3","user_id":"318685315","datacenter":"tebyan"}
[2026-01-05T21:13:06.040Z] {"type":"server_created","server_id":116790191,"user_id":"165406775","datacenter":"hetzner","password_provided":true}
[2026-01-05T21:14:38.828Z] {"type":"server_created","server_id":116790222,"user_id":"165406775","datacenter":"hetzner","password_provided":true}
[2026-01-05T21:15:53.625Z] {"type":"server_created","server_id":116790317,"user_id":"165406775","datacenter":"hetzner","password_provided":true}
[2026-01-05T21:17:01.613Z] {"type":"server_created","server_id":116790415,"user_id":"165406775","datacenter":"hetzner","password_provided":true}
[2026-01-05T21:19:17.477Z] {"type":"server_deleted","server_id":"116790191","user_id":"165406775","datacenter":"hetzner"}
[2026-01-05T21:19:26.187Z] {"type":"server_deleted","server_id":"116790222","user_id":"165406775","datacenter":"hetzner"}
[2026-01-05T21:19:32.649Z] {"type":"server_deleted","server_id":"116790317","user_id":"165406775","datacenter":"hetzner"}
[2026-01-05T21:20:45.859Z] {"type":"server_deleted","server_id":"116790415","user_id":"165406775","datacenter":"hetzner"}
[2026-01-05T21:37:28.587Z] {"type":"server_created","server_id":116790934,"user_id":"528323129","datacenter":"hetzner","password_provided":true}
[2026-01-05T21:37:42.036Z] {"type":"server_created","server_id":116790937,"user_id":"528323129","datacenter":"hetzner","password_provided":true}
[2026-01-05T21:38:35.315Z] {"type":"server_deleted","server_id":"116790934","user_id":"528323129","datacenter":"hetzner"}
[2026-01-05T21:38:39.553Z] {"type":"server_deleted","server_id":"116790934","user_id":"528323129","datacenter":"hetzner"}
[2026-01-05T21:38:50.115Z] {"type":"server_deleted","server_id":"116790937","user_id":"528323129","datacenter":"hetzner"}
[2026-01-05T22:17:30.034Z] {"type":"server_created","server_id":"4e44025e-f7a4-4a8e-9193-9c8ca169f99f","user_id":"225390529","datacenter":"tebyan","password_provided":true}
[2026-01-06T11:54:59.429Z] {"type":"server_created","server_id":"21e8c01d-78ec-4159-b202-cc6a995f053e","user_id":"318685315","datacenter":"tebyan","password_provided":true}
[2026-01-06T12:58:30.757Z] {"type":"test_server_created","server_id":"143a9906-90be-4cda-a42c-9f50d5b39585","user_id":"683692798","datacenter":"tebyan"}
[2026-01-06T13:21:42.060Z] {"type":"test_server_created","server_id":"af6c99f6-e185-4bf7-a3e8-2dc52bf136cf","user_id":"5028290864","datacenter":"tebyan"}
[2026-01-06T16:42:28.843Z] {"type":"server_created","server_id":116841327,"user_id":"2131380058","datacenter":"hetzner","password_provided":true}
[2026-01-06T17:20:35.115Z] {"type":"server_deleted","server_id":"116841327","user_id":"2131380058","datacenter":"hetzner"}
[2026-01-06T20:30:15.316Z] {"type":"server_deleted","server_id":"1ba044fa-ab7a-4dc7-aa36-dfc40289fea9","user_id":"206648292","datacenter":"tehran"}
[2026-01-06T20:37:01.933Z] {"type":"server_created","server_id":"3cf5470f-5b13-47e5-bd0e-456727b7c911","user_id":"206648292","datacenter":"tebyan","password_provided":true}
[2026-01-06T22:43:42.096Z] {"type":"server_created","server_id":"da27a4b9-c28b-4bcd-938c-ea6b1f398c9c","user_id":"35773181","datacenter":"tabriz","password_provided":true}
[2026-01-07T07:46:43.400Z] {"type":"test_server_created","server_id":"7ee5e4a6-7bfe-40c1-9e2e-d78af43d0ace","user_id":"34252780","datacenter":"tebyan"}
[2026-01-07T07:51:32.095Z] {"type":"server_created","server_id":"8b981f97-7104-435f-ba72-55e10fbae763","user_id":"8581540267","datacenter":"tebyan","password_provided":true}
[2026-01-07T08:01:52.958Z] {"type":"server_created","server_id":"c4b08456-2f09-42db-b0d2-4e7c902344c1","user_id":"1045202254","datacenter":"tebyan","password_provided":true}
[2026-01-07T08:05:17.648Z] {"type":"server_created","server_id":"dbf3343f-3e2c-410f-8cff-75adaa66947a","user_id":"1045202254","datacenter":"tebyan","password_provided":true}
[2026-01-07T08:22:31.080Z] {"type":"server_created","server_id":"77b910d3-d7fe-4f02-8f24-ab665d9b93b6","user_id":"1045202254","datacenter":"tebyan","password_provided":true}
[2026-01-07T09:03:25.034Z] {"type":"server_deleted","server_id":"dbf3343f-3e2c-410f-8cff-75adaa66947a","user_id":"1045202254","datacenter":"tebyan"}
[2026-01-07T09:03:35.311Z] {"type":"server_deleted","server_id":"c4b08456-2f09-42db-b0d2-4e7c902344c1","user_id":"1045202254","datacenter":"tebyan"}
[2026-01-07T09:04:12.871Z] {"type":"server_created","server_id":"e0a41020-5d9f-4415-8bad-c373029b8825","user_id":"1045202254","datacenter":"tebyan","password_provided":true}
[2026-01-07T09:07:39.184Z] {"type":"server_created","server_id":"87d78c4e-12b2-4ee1-a602-b7e376e0d61a","user_id":"1045202254","datacenter":"tebyan","password_provided":true}
[2026-01-07T09:11:10.299Z] {"type":"server_created","server_id":"c0b0ac72-9c2b-4ce5-905b-489cb9fcb280","user_id":"1045202254","datacenter":"tebyan","password_provided":true}
[2026-01-07T09:17:26.943Z] {"type":"server_created","server_id":"5aff748d-d47b-41b4-9c49-405c0adec6bd","user_id":"1045202254","datacenter":"tebyan","password_provided":true}
[2026-01-07T09:27:05.170Z] {"type":"server_deleted","server_id":"8b981f97-7104-435f-ba72-55e10fbae763","user_id":"8581540267","datacenter":"tebyan"}
[2026-01-07T09:31:53.187Z] {"type":"server_created","server_id":"5f7d7843-d6f4-4d5a-8da8-e24a3b972c2b","user_id":"8581540267","datacenter":"tebyan","password_provided":true}
[2026-01-07T09:32:18.425Z] {"type":"server_deleted","server_id":"c0b0ac72-9c2b-4ce5-905b-489cb9fcb280","user_id":"1045202254","datacenter":"tebyan"}
[2026-01-07T09:32:26.348Z] {"type":"server_deleted","server_id":"87d78c4e-12b2-4ee1-a602-b7e376e0d61a","user_id":"1045202254","datacenter":"tebyan"}
[2026-01-07T09:37:51.639Z] {"type":"server_deleted","server_id":"5f7d7843-d6f4-4d5a-8da8-e24a3b972c2b","user_id":"8581540267","datacenter":"tebyan"}
[2026-01-07T11:41:48.383Z] {"type":"server_created","server_id":"68c28b79-5808-400e-9d70-fee8ef403263","user_id":"34252780","datacenter":"tebyan","password_provided":true}
[2026-01-07T11:49:41.635Z] {"type":"server_deleted","server_id":"68c28b79-5808-400e-9d70-fee8ef403263","user_id":"34252780","datacenter":"tebyan"}
[2026-01-07T11:52:10.259Z] {"type":"server_created","server_id":"d7c796f4-7d75-4def-bcc9-a2b4dc5b57d6","user_id":"34252780","datacenter":"tebyan","password_provided":true}
[2026-01-07T11:55:04.439Z] {"type":"test_server_created","server_id":"1b7bb6f0-edb6-49b7-afa0-6529163e6188","user_id":"7563493701","datacenter":"tehran"}
[2026-01-07T11:55:18.613Z] {"type":"server_deleted","server_id":"d7c796f4-7d75-4def-bcc9-a2b4dc5b57d6","user_id":"34252780","datacenter":"tebyan"}
[2026-01-07T11:56:36.820Z] {"type":"server_created","server_id":"55ee3422-bc7c-41d6-b392-fe833836989b","user_id":"34252780","datacenter":"tebyan","password_provided":true}
[2026-01-07T12:11:50.169Z] {"type":"server_deleted","server_id":"1b7bb6f0-edb6-49b7-afa0-6529163e6188","user_id":"7563493701","datacenter":"tehran"}
[2026-01-07T12:12:09.654Z] {"type":"test_server_created","server_id":"f6b1a79b-bf95-49ef-9784-7626fbd0ffe7","user_id":"7563493701","datacenter":"tehran"}
[2026-01-07T12:14:48.455Z] {"type":"server_deleted","server_id":"f6b1a79b-bf95-49ef-9784-7626fbd0ffe7","user_id":"7563493701","datacenter":"tehran"}
[2026-01-07T12:15:17.888Z] {"type":"test_server_created","server_id":"c4ca78da-d490-44c5-8699-a7abbb5bfa9c","user_id":"7563493701","datacenter":"tabriz"}
[2026-01-07T12:21:10.609Z] {"type":"server_deleted","server_id":"c4ca78da-d490-44c5-8699-a7abbb5bfa9c","user_id":"7563493701","datacenter":"tabriz"}
[2026-01-07T15:43:22.310Z] {"type":"server_created","server_id":"70e08411-ab79-4d01-8485-554c77274484","user_id":"34252780","datacenter":"tebyan","password_provided":true}
[2026-01-07T15:48:49.836Z] {"type":"server_created","server_id":"475c7283-adc6-4273-9479-ccaf6b7ad27a","user_id":"34252780","datacenter":"tebyan","password_provided":true}
[2026-01-07T15:51:36.533Z] {"type":"server_created","server_id":"80959a15-8311-44d3-9a0e-b0713f3ee911","user_id":"1758709005","datacenter":"tebyan","password_provided":true}
[2026-01-07T15:53:08.720Z] {"type":"server_deleted","server_id":"80959a15-8311-44d3-9a0e-b0713f3ee911","user_id":"1758709005","datacenter":"tebyan"}
[2026-01-07T15:56:12.753Z] {"type":"server_created","server_id":"6769395d-5cf4-4388-82ce-172c0f06ae1a","user_id":"1758709005","datacenter":"tebyan","password_provided":true}
[2026-01-07T16:07:30.466Z] {"type":"server_deleted","server_id":"475c7283-adc6-4273-9479-ccaf6b7ad27a","user_id":"34252780","datacenter":"tebyan"}
[2026-01-07T16:09:55.061Z] {"type":"server_created","server_id":"bb8de549-922e-4ba1-a2ab-5e45ea49de04","user_id":"34252780","datacenter":"tebyan","password_provided":true}
[2026-01-07T16:12:50.263Z] {"type":"server_deleted","server_id":"bb8de549-922e-4ba1-a2ab-5e45ea49de04","user_id":"34252780","datacenter":"tebyan"}
[2026-01-07T16:14:09.989Z] {"type":"server_deleted","server_id":"6769395d-5cf4-4388-82ce-172c0f06ae1a","user_id":"1758709005","datacenter":"tebyan"}
[2026-01-07T16:15:17.452Z] {"type":"server_created","server_id":"6a1de548-39e3-4d7d-a64e-0c5a625daae1","user_id":"34252780","datacenter":"tebyan","password_provided":true}
[2026-01-07T16:16:20.054Z] {"type":"server_deleted","server_id":"6a1de548-39e3-4d7d-a64e-0c5a625daae1","user_id":"34252780","datacenter":"tebyan"}
[2026-01-07T16:19:04.252Z] {"type":"server_created","server_id":"d0e602b8-57f8-49c6-aff9-5029689f9013","user_id":"34252780","datacenter":"tebyan","password_provided":true}
[2026-01-07T16:20:01.965Z] {"type":"server_deleted","server_id":"d0e602b8-57f8-49c6-aff9-5029689f9013","user_id":"34252780","datacenter":"tebyan"}
[2026-01-07T16:23:47.081Z] {"type":"server_created","server_id":"819f96bf-4712-4b12-9c2d-1f76bfe8fc00","user_id":"34252780","datacenter":"tebyan","password_provided":true}
[2026-01-07T16:28:11.743Z] {"type":"server_created","server_id":"40721a99-eaa3-49d0-b43b-d8bd3f60e383","user_id":"34252780","datacenter":"tebyan","password_provided":true}
[2026-01-07T16:28:51.562Z] {"type":"server_deleted","server_id":"40721a99-eaa3-49d0-b43b-d8bd3f60e383","user_id":"34252780","datacenter":"tebyan"}
[2026-01-07T16:31:18.392Z] {"type":"server_created","server_id":"7331d1c9-7e9f-461c-b5af-80003ecdc73a","user_id":"34252780","datacenter":"tebyan","password_provided":true}
[2026-01-07T16:31:33.934Z] {"type":"server_deleted","server_id":"7331d1c9-7e9f-461c-b5af-80003ecdc73a","user_id":"34252780","datacenter":"tebyan"}
[2026-01-07T16:33:59.888Z] {"type":"server_created","server_id":"f0eb5445-4dfc-49da-9162-71bae0ea2a17","user_id":"34252780","datacenter":"tebyan","password_provided":true}
[2026-01-07T16:34:13.732Z] {"type":"server_deleted","server_id":"f0eb5445-4dfc-49da-9162-71bae0ea2a17","user_id":"34252780","datacenter":"tebyan"}
[2026-01-07T16:36:41.785Z] {"type":"server_created","server_id":"2f371060-2c3a-485a-bb2e-10068a059da3","user_id":"34252780","datacenter":"tebyan","password_provided":true}
[2026-01-07T16:36:56.056Z] {"type":"server_deleted","server_id":"2f371060-2c3a-485a-bb2e-10068a059da3","user_id":"34252780","datacenter":"tebyan"}
[2026-01-07T16:39:19.844Z] {"type":"server_created","server_id":"2f60616a-4093-4bd3-bbb4-b872e04597ff","user_id":"34252780","datacenter":"tebyan","password_provided":true}
[2026-01-07T16:39:34.770Z] {"type":"server_deleted","server_id":"2f60616a-4093-4bd3-bbb4-b872e04597ff","user_id":"34252780","datacenter":"tebyan"}
[2026-01-07T16:42:03.566Z] {"type":"server_created","server_id":"e8798aba-6ec7-4014-bef1-24e22eb378a1","user_id":"34252780","datacenter":"tebyan","password_provided":true}
[2026-01-07T16:42:15.551Z] {"type":"server_deleted","server_id":"e8798aba-6ec7-4014-bef1-24e22eb378a1","user_id":"34252780","datacenter":"tebyan"}
[2026-01-07T16:44:42.398Z] {"type":"server_created","server_id":"2575fc00-fab4-4a9f-ad0a-4bc36512cc79","user_id":"34252780","datacenter":"tebyan","password_provided":true}
[2026-01-07T16:44:57.513Z] {"type":"server_deleted","server_id":"2575fc00-fab4-4a9f-ad0a-4bc36512cc79","user_id":"34252780","datacenter":"tebyan"}
[2026-01-07T16:59:54.865Z] {"type":"server_created","server_id":"0c7556b6-6a72-4041-9e2e-c0955d1d26fc","user_id":"34252780","datacenter":"tebyan","password_provided":true}
[2026-01-07T17:00:52.414Z] {"type":"server_deleted","server_id":"0c7556b6-6a72-4041-9e2e-c0955d1d26fc","user_id":"34252780","datacenter":"tebyan"}
[2026-01-07T17:06:34.037Z] {"type":"server_created","server_id":"746149ce-8c2a-4fcf-802f-c2819d042340","user_id":"34252780","datacenter":"tebyan","password_provided":true}
[2026-01-07T17:06:54.452Z] {"type":"server_deleted","server_id":"746149ce-8c2a-4fcf-802f-c2819d042340","user_id":"34252780","datacenter":"tebyan"}
[2026-01-07T17:11:51.330Z] {"type":"server_created","server_id":"6874345e-82d8-4fa2-a665-a91f8cea0540","user_id":"34252780","datacenter":"tebyan","password_provided":true}
[2026-01-07T17:12:03.314Z] {"type":"server_deleted","server_id":"6874345e-82d8-4fa2-a665-a91f8cea0540","user_id":"34252780","datacenter":"tebyan"}
[2026-01-07T17:14:32.933Z] {"type":"server_created","server_id":"0d5b6889-01c7-4e3a-bfcc-8fe6d6c2050e","user_id":"34252780","datacenter":"tebyan","password_provided":true}
[2026-01-07T17:15:20.841Z] {"type":"server_deleted","server_id":"0d5b6889-01c7-4e3a-bfcc-8fe6d6c2050e","user_id":"34252780","datacenter":"tebyan"}
[2026-01-07T18:46:24.431Z] {"type":"server_created","server_id":"a581803a-faea-414c-b263-0c6c7b7ae9cb","user_id":"34252780","datacenter":"tebyan","password_provided":true}
[2026-01-07T18:46:38.758Z] {"type":"server_deleted","server_id":"a581803a-faea-414c-b263-0c6c7b7ae9cb","user_id":"34252780","datacenter":"tebyan"}
[2026-01-07T18:54:24.733Z] {"type":"test_server_created","server_id":"1e87eac6-f2ba-4b8e-9d51-7a717b37d1a1","user_id":"6940016723","datacenter":"tabriz"}
[2026-01-07T18:55:33.736Z] {"type":"test_server_created","server_id":"a48747e3-3047-4ff3-8393-0d9411aff4aa","user_id":"6940016723","datacenter":"tebyan"}
[2026-01-07T22:01:52.214Z] {"type":"server_deleted","server_id":"49915eab-e695-4aef-ba36-b8dd5fea9aae","user_id":"5936776197","datacenter":"tebyan"}
[2026-01-07T22:02:29.317Z] {"type":"server_created","server_id":"49915eab-e695-4aef-ba36-b8dd5fea9aae","user_id":"5936776197","datacenter":"tebyan","password_provided":true}
[2026-01-08T00:25:00.401Z] {"type":"server_created","server_id":"05634e9a-c321-43a3-9360-6a26407fc925","user_id":"6971107665","datacenter":"tebyan","password_provided":true}
[2026-01-08T00:28:03.663Z] {"type":"server_created","server_id":"29c910b2-2f51-45c3-8979-c797ea982fd0","user_id":"6971107665","datacenter":"tabriz","password_provided":true}
[2026-01-08T00:37:26.940Z] {"type":"server_created","server_id":"94cb4d83-9928-4101-ac8d-89b8c31148ce","user_id":"6971107665","datacenter":"tehran","password_provided":true}
[2026-01-08T00:40:28.291Z] {"type":"server_deleted","server_id":"94cb4d83-9928-4101-ac8d-89b8c31148ce","user_id":"6971107665","datacenter":"tehran"}
[2026-01-08T00:42:52.225Z] {"type":"server_created","server_id":"6569b58b-252f-4df3-b809-2d97a5f1267c","user_id":"6971107665","datacenter":"tehran","password_provided":true}
[2026-01-08T00:43:42.519Z] {"type":"server_deleted","server_id":"6569b58b-252f-4df3-b809-2d97a5f1267c","user_id":"6971107665","datacenter":"tehran"}
[2026-01-08T00:47:14.410Z] {"type":"server_deleted","server_id":"05634e9a-c321-43a3-9360-6a26407fc925","user_id":"6971107665","datacenter":"tebyan"}
[2026-01-08T01:08:02.087Z] {"type":"server_created","server_id":"e8d0c37b-e0e4-4089-89e7-ce0e10b80b0b","user_id":"6420807350","datacenter":"tebyan","password_provided":true}
[2026-01-08T04:08:57.301Z] {"type":"server_created","server_id":"aff897c1-18b1-413d-8d5e-c24e5cc1eca2","user_id":"6971107665","datacenter":"tehran","password_provided":true}
[2026-01-08T04:35:39.904Z] {"type":"server_deleted","server_id":"aff897c1-18b1-413d-8d5e-c24e5cc1eca2","user_id":"6971107665","datacenter":"tehran"}
[2026-01-08T06:19:17.991Z] {"type":"server_created","server_id":"b7bbef12-9dce-4dbb-b82b-aa86d63a01b6","user_id":"1045202254","datacenter":"tebyan","password_provided":true}
[2026-01-08T06:20:05.240Z] {"type":"server_deleted","server_id":"b7bbef12-9dce-4dbb-b82b-aa86d63a01b6","user_id":"1045202254","datacenter":"tebyan"}
[2026-01-08T06:20:30.894Z] {"type":"server_created","server_id":"14d493c6-bed7-4eb2-83ab-e076649577c0","user_id":"1045202254","datacenter":"tabriz","password_provided":true}
[2026-01-08T06:21:51.738Z] {"type":"server_deleted","server_id":"5aff748d-d47b-41b4-9c49-405c0adec6bd","user_id":"1045202254","datacenter":"tebyan"}
[2026-01-08T06:44:52.518Z] {"type":"server_created","server_id":"3964cec0-4225-41d8-8876-0a60356b2ad1","user_id":"5219296204","datacenter":"tebyan","password_provided":true}
[2026-01-08T07:44:01.784Z] {"type":"server_created","server_id":"b65aedeb-fb95-4ad7-88ae-a4a6d256c717","user_id":"34252780","datacenter":"tebyan","password_provided":true}
[2026-01-08T07:44:26.895Z] {"type":"server_deleted","server_id":"b65aedeb-fb95-4ad7-88ae-a4a6d256c717","user_id":"34252780","datacenter":"tebyan"}
[2026-01-08T07:47:26.514Z] {"type":"server_created","server_id":"9aa2ed1b-0e70-45b7-8c12-9c7b7f0cfe88","user_id":"34252780","datacenter":"tebyan","password_provided":true}
[2026-01-08T07:48:23.893Z] {"type":"server_deleted","server_id":"9aa2ed1b-0e70-45b7-8c12-9c7b7f0cfe88","user_id":"34252780","datacenter":"tebyan"}
[2026-01-08T09:50:17.053Z] {"type":"test_server_created","server_id":"0a70d36f-57c9-465c-ae8c-966083a89f1a","user_id":"422506179","datacenter":"tebyan"}
[2026-01-08T09:56:56.658Z] {"type":"server_deleted","server_id":"0a70d36f-57c9-465c-ae8c-966083a89f1a","user_id":"422506179","datacenter":"tebyan"}
[2026-01-08T10:11:05.653Z] {"type":"server_created","server_id":116982638,"user_id":"1045202254","datacenter":"hetzner","password_provided":true}
[2026-01-08T10:22:25.186Z] {"type":"server_deleted","server_id":"e8d0c37b-e0e4-4089-89e7-ce0e10b80b0b","user_id":"6420807350","datacenter":"tebyan"}
[2026-01-08T10:23:16.274Z] {"type":"server_created","server_id":"69d74c39-3775-4444-8cc9-87585a7a16bd","user_id":"6420807350","datacenter":"tabriz","password_provided":true}
[2026-01-08T10:26:26.075Z] {"type":"server_created","server_id":"661d8726-264a-4237-87ca-097238629ee7","user_id":"6971107665","datacenter":"tehran","password_provided":true}
[2026-01-08T10:26:34.066Z] {"type":"server_created","server_id":"0c3c27a3-3a09-4f43-8ec3-1db3d6b3d897","user_id":"6420807350","datacenter":"tehran","password_provided":true}
[2026-01-08T10:27:32.158Z] {"type":"server_deleted","server_id":"661d8726-264a-4237-87ca-097238629ee7","user_id":"6971107665","datacenter":"tehran"}
[2026-01-08T11:39:42.109Z] {"type":"test_server_created","server_id":"d0efdb68-b848-4800-9e07-3b4336dbc846","user_id":"638541778","datacenter":"tebyan"}
[2026-01-08T11:42:29.132Z] {"type":"server_deleted","server_id":"21e8c01d-78ec-4159-b202-cc6a995f053e","user_id":"318685315","datacenter":"tebyan"}
[2026-01-08T12:15:49.497Z] {"type":"server_created","server_id":"286e662f-4a2a-4044-937e-2b8899290ee6","user_id":"528323129","datacenter":"tebyan","password_provided":true}
[2026-01-08T13:10:09.142Z] {"type":"test_server_created","server_id":"b10b96a8-6e70-4d2a-91c8-0f0c80312bca","user_id":"92595201","datacenter":"tebyan"}
[2026-01-08T13:12:09.681Z] {"type":"server_deleted","server_id":"b10b96a8-6e70-4d2a-91c8-0f0c80312bca","user_id":"92595201","datacenter":"tebyan"}
[2026-01-08T13:34:22.848Z] {"type":"server_deleted","server_id":"286e662f-4a2a-4044-937e-2b8899290ee6","user_id":"528323129","datacenter":"tebyan"}
[2026-01-08T16:10:22.227Z] {"type":"server_created","server_id":"700ab7bf-426d-47c9-bd5a-6137b2271c00","user_id":"716167338","datacenter":"tebyan","password_provided":true}
[2026-01-08T16:15:03.332Z] {"type":"test_server_created","server_id":"57348631-ecb5-4956-9b16-8bb65015311d","user_id":"7782852617","datacenter":"tebyan"}
[2026-01-08T16:21:46.244Z] {"type":"server_deleted","server_id":"700ab7bf-426d-47c9-bd5a-6137b2271c00","user_id":"716167338","datacenter":"tebyan"}
[2026-01-08T16:22:16.658Z] {"type":"server_created","server_id":"d2993a8d-9b95-471f-96a1-ab8112d58b92","user_id":"7782852617","datacenter":"tebyan","password_provided":true}
[2026-01-08T16:24:10.124Z] {"type":"server_created","server_id":"56230052-c857-4e9f-9de7-8a3a5ca10daa","user_id":"716167338","datacenter":"tebyan","password_provided":true}
[2026-01-28T17:02:10.542Z] {"type":"server_deleted","server_id":"e03136da-48ec-44d9-a2e9-a9e21382d018","user_id":"1395457843","datacenter":"tebyan"}
[2026-01-28T17:11:27.313Z] {"type":"server_created","server_id":118715059,"user_id":"2131380058","datacenter":"hetzner","password_provided":true}
[2026-01-28T17:13:25.691Z] {"type":"server_created","server_id":118715168,"user_id":"2131380058","datacenter":"hetzner","password_provided":true}
[2026-01-28T17:13:36.168Z] {"type":"server_created","server_id":118715173,"user_id":"2131380058","datacenter":"hetzner","password_provided":true}
[2026-01-28T17:17:53.045Z] {"type":"server_created","server_id":118716477,"user_id":"2131380058","datacenter":"hetzner","password_provided":true}
[2026-01-28T17:18:25.593Z] {"type":"server_created","server_id":118716683,"user_id":"2131380058","datacenter":"hetzner","password_provided":true}
[2026-01-28T17:20:55.953Z] {"type":"server_deleted","server_id":"118716683","user_id":"2131380058","datacenter":"hetzner"}
[2026-01-28T17:21:07.625Z] {"type":"server_deleted","server_id":"115099401","user_id":"2131380058","datacenter":"hetzner"}
[2026-01-28T17:21:19.845Z] {"type":"server_deleted","server_id":"118715059","user_id":"2131380058","datacenter":"hetzner"}
[2026-01-28T17:21:28.975Z] {"type":"server_deleted","server_id":"118715168","user_id":"2131380058","datacenter":"hetzner"}
[2026-01-28T17:21:45.362Z] {"type":"server_deleted","server_id":"118715173","user_id":"2131380058","datacenter":"hetzner"}
[2026-01-28T18:25:08.574Z] {"type":"server_deleted","server_id":"0c3c27a3-3a09-4f43-8ec3-1db3d6b3d897","user_id":"6420807350","datacenter":"tehran"}
[2026-01-28T18:27:32.259Z] {"type":"server_created","server_id":"37721846-1399-4e93-910b-6ad29db159e4","user_id":"6420807350","datacenter":"tehran","password_provided":true}
[2026-01-28T20:20:45.891Z] {"type":"test_server_created","server_id":"af03e852-2954-44d1-86b4-b63911e2a951","user_id":"1041041783","datacenter":"tehran"}
[2026-01-28T20:29:24.909Z] {"type":"test_server_created","server_id":"62738df0-3cf5-46e5-a9a1-77f0ed153654","user_id":"158694718","datacenter":"tehran"}
[2026-01-28T21:06:16.502Z] {"type":"server_deleted","server_id":"56230052-c857-4e9f-9de7-8a3a5ca10daa","user_id":"716167338","datacenter":"tebyan"}
[2026-01-29T17:30:54.660Z] {"type":"server_deleted","server_id":"116982638","user_id":"1045202254","datacenter":"hetzner"}
[2026-01-29T17:31:06.655Z] {"type":"server_deleted","server_id":"e0a41020-5d9f-4415-8bad-c373029b8825","user_id":"1045202254","datacenter":"tebyan"}
[2026-01-29T17:31:48.294Z] {"type":"server_deleted","server_id":"77b910d3-d7fe-4f02-8f24-ab665d9b93b6","user_id":"1045202254","datacenter":"tebyan"}
[2026-01-30T05:16:21.578Z] {"type":"server_deleted","server_id":"a6fd007d-eda0-4f21-ae77-006ffb2c7cfa","user_id":"1758709005","datacenter":"tebyan"}
[2026-01-30T05:16:38.228Z] {"type":"server_deleted","server_id":"cc8c7739-18d7-49b0-86ed-6cd66b633a54","user_id":"1758709005","datacenter":"tebyan"}
[2026-01-30T05:16:44.694Z] {"type":"server_deleted","server_id":"5603a9a8-4336-477d-924d-62048521e507","user_id":"1758709005","datacenter":"tebyan"}
[2026-01-30T05:17:00.216Z] {"type":"server_deleted","server_id":"6be20ea2-8f9c-44e9-989d-4f150f4829fa","user_id":"1758709005","datacenter":"tebyan"}
[2026-01-30T05:17:06.560Z] {"type":"server_deleted","server_id":"f981d56a-ca04-4b08-92a0-bc3706232160","user_id":"1758709005","datacenter":"tebyan"}
[2026-01-30T05:17:12.529Z] {"type":"server_deleted","server_id":"eb943417-7945-436a-b587-6ba43e0397e8","user_id":"1758709005","datacenter":"tebyan"}
[2026-01-30T15:16:32.859Z] {"type":"server_created","server_id":"fce4f212-0125-440b-a01b-4b54b6c859fc","user_id":"2131380058","datacenter":"tehran","password_provided":true}
[2026-01-30T17:15:53.139Z] {"type":"server_created","server_id":119183023,"user_id":"2131380058","datacenter":"hetzner","password_provided":true}
[2026-01-30T17:16:53.860Z] {"type":"server_deleted","server_id":"119183023","user_id":"2131380058","datacenter":"hetzner"}
[2026-01-30T17:42:21.651Z] {"type":"server_created","server_id":119186773,"user_id":"2131380058","datacenter":"hetzner","password_provided":true}
[2026-01-30T17:42:36.578Z] {"type":"server_created","server_id":119186776,"user_id":"2131380058","datacenter":"hetzner","password_provided":true}
[2026-01-30T17:44:38.591Z] {"type":"server_created","server_id":119186832,"user_id":"2131380058","datacenter":"hetzner","password_provided":true}
[2026-01-30T17:44:51.286Z] {"type":"server_created","server_id":119186836,"user_id":"2131380058","datacenter":"hetzner","password_provided":true}
[2026-01-30T17:45:42.434Z] {"type":"server_created","server_id":119187051,"user_id":"2131380058","datacenter":"hetzner","password_provided":true}
[2026-01-30T17:48:08.848Z] {"type":"server_deleted","server_id":"119187051","user_id":"2131380058","datacenter":"hetzner"}
[2026-01-30T17:48:25.432Z] {"type":"server_deleted","server_id":"119186832","user_id":"2131380058","datacenter":"hetzner"}
[2026-01-30T17:48:29.421Z] {"type":"server_deleted","server_id":"119186836","user_id":"2131380058","datacenter":"hetzner"}
[2026-01-30T17:48:46.712Z] {"type":"server_deleted","server_id":"119186773","user_id":"2131380058","datacenter":"hetzner"}
[2026-01-30T17:48:54.242Z] {"type":"server_deleted","server_id":"119186776","user_id":"2131380058","datacenter":"hetzner"}
[2026-01-30T19:58:01.722Z] {"type":"server_created","server_id":119205474,"user_id":"2131380058","datacenter":"hetzner","password_provided":true}
[2026-01-30T20:01:59.787Z] {"type":"server_created","server_id":119206220,"user_id":"2131380058","datacenter":"hetzner","password_provided":true}
[2026-01-30T20:09:57.910Z] {"type":"server_created","server_id":119207519,"user_id":"2131380058","datacenter":"hetzner","password_provided":true}
[2026-01-30T20:17:49.031Z] {"type":"server_created","server_id":119208590,"user_id":"2131380058","datacenter":"hetzner","password_provided":true}
[2026-01-30T20:46:18.293Z] {"type":"server_deleted","server_id":"119208590","user_id":"2131380058","datacenter":"hetzner"}
[2026-01-30T20:49:25.657Z] {"type":"server_deleted","server_id":"119206220","user_id":"2131380058","datacenter":"hetzner"}
[2026-01-30T20:50:07.251Z] {"type":"server_deleted","server_id":"119207519","user_id":"2131380058","datacenter":"hetzner"}
[2026-01-30T20:51:07.621Z] {"type":"server_deleted","server_id":"119205474","user_id":"2131380058","datacenter":"hetzner"}
[2026-01-30T20:51:17.072Z] {"type":"server_created","server_id":119213057,"user_id":"2131380058","datacenter":"hetzner","password_provided":true}
[2026-01-30T20:52:06.613Z] {"type":"server_created","server_id":119213082,"user_id":"2131380058","datacenter":"hetzner","password_provided":true}
[2026-01-30T20:58:57.512Z] {"type":"server_deleted","server_id":"119213082","user_id":"2131380058","datacenter":"hetzner"}
[2026-01-30T20:59:05.069Z] {"type":"server_created","server_id":119213317,"user_id":"2131380058","datacenter":"hetzner","password_provided":true}
[2026-01-30T20:59:19.411Z] {"type":"server_created","server_id":119213322,"user_id":"2131380058","datacenter":"hetzner","password_provided":true}
[2026-01-30T20:59:30.996Z] {"type":"server_deleted","server_id":"119213322","user_id":"2131380058","datacenter":"hetzner"}
[2026-01-30T20:59:41.281Z] {"type":"server_created","server_id":119213350,"user_id":"2131380058","datacenter":"hetzner","password_provided":true}
[2026-01-30T21:00:07.726Z] {"type":"server_deleted","server_id":"119213350","user_id":"2131380058","datacenter":"hetzner"}
[2026-01-30T22:22:18.858Z] {"type":"server_deleted","server_id":"119213057","user_id":"2131380058","datacenter":"hetzner"}
[2026-01-31T09:47:32.171Z] {"type":"server_deleted","server_id":"d0d9b580-99e0-4a3d-aed6-d6d708008f10","user_id":"7913530713","datacenter":"tebyan"}
[2026-01-31T13:26:59.679Z] {"type":"test_server_created","server_id":"12ab384f-5d08-4d73-a37b-eb6f56ba5ce3","user_id":"5255394956","datacenter":"tehran"}
[2026-01-31T18:16:17.234Z] {"type":"server_created","server_id":119374417,"user_id":"2131380058","datacenter":"hetzner","password_provided":true}
[2026-01-31T18:18:45.132Z] {"type":"server_created","server_id":119375120,"user_id":"2131380058","datacenter":"hetzner","password_provided":true}
[2026-01-31T18:18:52.112Z] {"type":"server_deleted","server_id":"119374417","user_id":"2131380058","datacenter":"hetzner"}
[2026-01-31T20:10:13.325Z] {"type":"server_deleted","server_id":"119375120","user_id":"2131380058","datacenter":"hetzner"}
[2026-02-01T04:03:47.313Z] {"type":"test_server_created","server_id":"986be6b4-356d-4578-b574-9b6f722fb85d","user_id":"505777308","datacenter":"tehran"}
[2026-02-01T04:05:05.874Z] {"type":"server_deleted","server_id":"986be6b4-356d-4578-b574-9b6f722fb85d","user_id":"505777308","datacenter":"tehran"}
[2026-02-01T04:05:33.524Z] {"type":"test_server_created","server_id":"0b0d254d-0c95-481b-9402-a6b89f7e216f","user_id":"505777308","datacenter":"tehran"}
[2026-02-01T04:15:11.741Z] {"type":"server_deleted","server_id":"0b0d254d-0c95-481b-9402-a6b89f7e216f","user_id":"505777308","datacenter":"tehran"}
[2026-02-01T04:15:28.745Z] {"type":"test_server_created","server_id":"05b44d7d-9c69-47b1-acdd-78076300a764","user_id":"505777308","datacenter":"tehran"}
[2026-02-01T04:31:58.895Z] {"type":"server_deleted","server_id":"05b44d7d-9c69-47b1-acdd-78076300a764","user_id":"505777308","datacenter":"tehran"}
[2026-02-01T08:53:21.672Z] {"type":"test_server_created","server_id":"d190238f-e52f-4044-b922-4ff45dd725ea","user_id":"505777308","datacenter":"tehran"}
[2026-02-01T08:58:55.643Z] {"type":"server_deleted","server_id":"d190238f-e52f-4044-b922-4ff45dd725ea","user_id":"505777308","datacenter":"tehran"}
[2026-02-01T08:59:14.932Z] {"type":"test_server_created","server_id":"0a40097f-4785-4a59-b47b-00ba01805650","user_id":"505777308","datacenter":"tehran"}
[2026-02-01T10:24:58.309Z] {"type":"test_server_created","server_id":"512f9d0c-a426-4010-92d8-15a64038f993","user_id":"7515324224","datacenter":"tehran"}
[2026-02-01T11:08:31.207Z] {"type":"server_deleted","server_id":"512f9d0c-a426-4010-92d8-15a64038f993","user_id":"7515324224","datacenter":"tehran"}
[2026-02-01T11:46:05.282Z] {"type":"server_created","server_id":119502961,"user_id":"2131380058","datacenter":"hetzner","password_provided":true}
[2026-02-01T13:15:58.944Z] {"type":"server_deleted","server_id":"119502961","user_id":"2131380058","datacenter":"hetzner"}
[2026-02-01T13:39:05.530Z] {"type":"test_server_created","server_id":"be46f68f-8459-4b8a-93cc-42eba86af19f","user_id":"166924866","datacenter":"tehran"}
[2026-02-01T13:54:54.486Z] {"type":"test_server_created","server_id":"f0f79e74-c436-4c3b-9188-2591ba974918","user_id":"717209526","datacenter":"tehran"}
[2026-02-01T13:55:51.097Z] {"type":"server_deleted","server_id":"f0f79e74-c436-4c3b-9188-2591ba974918","user_id":"717209526","datacenter":"tehran"}
[2026-02-01T13:57:54.595Z] {"type":"test_server_created","server_id":"24516842-7609-4b38-9217-f1745bb4b351","user_id":"7515324224","datacenter":"tehran"}
[2026-02-01T14:01:11.465Z] {"type":"test_server_created","server_id":"d03aa2cb-a94b-472c-b05b-d83fbc785adf","user_id":"8214441752","datacenter":"tehran"}
[2026-02-01T16:00:09.482Z] {"type":"test_server_created","server_id":"5f528555-5207-43df-8d0b-b6b90586e6f1","user_id":"7502070219","datacenter":"tehran"}
[2026-02-01T21:34:08.799Z] {"type":"test_server_created","server_id":"d23ce6e3-b931-44be-ba1b-903598c97bf4","user_id":"678294700","datacenter":"tehran"}
[2026-02-01T22:21:35.564Z] {"type":"test_server_created","server_id":"22e3d270-d173-4faa-8c33-d3206441d6fa","user_id":"5552340901","datacenter":"tehran"}
[2026-02-01T22:29:32.561Z] {"type":"test_server_created","server_id":"93cf041c-bdba-4725-9c5f-35c0e8dcfb4f","user_id":"322591861","datacenter":"tehran"}
[2026-02-01T22:42:24.829Z] {"type":"server_deleted","server_id":"22e3d270-d173-4faa-8c33-d3206441d6fa","user_id":"5552340901","datacenter":"tehran"}
[2026-02-01T22:42:46.393Z] {"type":"server_created","server_id":"0a82894c-e51e-4da3-9153-54df2dd5a544","user_id":"5552340901","datacenter":"tehran","password_provided":true}
[2026-02-01T22:53:57.582Z] {"type":"server_deleted","server_id":"0a82894c-e51e-4da3-9153-54df2dd5a544","user_id":"5552340901","datacenter":"tehran"}
[2026-02-02T05:23:14.439Z] {"type":"server_created","server_id":"abb05855-bc5c-4592-bcb5-a1fba4d30a4b","user_id":"5552340901","datacenter":"tehran","password_provided":true}
[2026-02-02T06:38:43.399Z] {"type":"server_deleted","server_id":"abb05855-bc5c-4592-bcb5-a1fba4d30a4b","user_id":"5552340901","datacenter":"tehran"}
[2026-02-02T10:54:13.902Z] {"type":"test_server_created","server_id":"29288cac-c466-4742-bb55-8644345297c0","user_id":"94231473","datacenter":"tebyan"}
[2026-02-02T10:59:16.731Z] {"type":"test_server_created","server_id":"596b79c5-499d-440c-af42-c8ee72a2d4f3","user_id":"94231473","datacenter":"tehran"}
[2026-02-02T12:14:27.634Z] {"type":"test_server_created","server_id":"632ccea3-4f19-470b-a977-a150d6ff5106","user_id":"7798703803","datacenter":"tebyan"}
[2026-02-02T12:29:13.148Z] {"type":"server_deleted","server_id":"632ccea3-4f19-470b-a977-a150d6ff5106","user_id":"7798703803","datacenter":"tebyan"}
[2026-02-02T15:29:03.345Z] {"type":"test_server_created","server_id":"95e70781-8dde-441f-a402-20794086c3f1","user_id":"1382991898","datacenter":"tehran"}
[2026-02-03T07:07:15.468Z] {"type":"test_server_created","server_id":"a36fb66f-45f3-42e3-a599-5dc9a38887e5","user_id":"7245312533","datacenter":"tebyan"}
[2026-02-03T09:58:05.557Z] {"type":"test_server_created","server_id":"64e23069-80d3-4486-bf88-5772e3dd3f1a","user_id":"5552340901","datacenter":"tebyan"}
[2026-02-03T11:38:57.119Z] {"type":"test_server_created","server_id":"a22c7ea1-f92b-4420-98cf-ad2536775873","user_id":"6770132277","datacenter":"tehran"}
[2026-02-03T12:57:14.655Z] {"type":"server_created","server_id":"43140c04-0028-4031-bf0e-b0537a97755b","user_id":"223974653","datacenter":"tebyan","password_provided":true}
[2026-02-03T13:11:46.331Z] {"type":"server_deleted","server_id":"40847c2d-ac58-46b2-b069-b0a5be4e6bef","user_id":"223974653","datacenter":"tebyan"}
[2026-02-03T13:11:56.242Z] {"type":"server_deleted","server_id":"c2ebff3c-2864-4309-bbd8-6ef15e15bbf0","user_id":"223974653","datacenter":"tebyan"}
[2026-02-03T13:11:58.408Z] {"type":"server_deleted","server_id":"43140c04-0028-4031-bf0e-b0537a97755b","user_id":"223974653","datacenter":"tebyan"}
[2026-02-03T13:12:00.177Z] {"type":"server_deleted","server_id":"c2ebff3c-2864-4309-bbd8-6ef15e15bbf0","user_id":"223974653","datacenter":"tebyan"}
[2026-02-03T13:16:31.317Z] {"type":"server_created","server_id":"e1202d8c-d949-45ef-b88c-8fd621d67529","user_id":"223974653","datacenter":"tebyan","password_provided":true}
[2026-02-03T13:17:39.037Z] {"type":"server_deleted","server_id":"e1202d8c-d949-45ef-b88c-8fd621d67529","user_id":"223974653","datacenter":"tebyan"}
[2026-02-03T13:22:40.793Z] {"type":"server_created","server_id":"ff0790c7-d732-428a-957a-44c4ce0a006d","user_id":"223974653","datacenter":"tebyan","password_provided":true}
[2026-02-03T17:23:39.681Z] {"type":"server_created","server_id":"a7c11763-e03a-4d78-bb66-ba8af7320e3d","user_id":"223974653","datacenter":"tehran","password_provided":true}
[2026-02-03T17:49:01.558Z] {"type":"server_deleted","server_id":"a7c11763-e03a-4d78-bb66-ba8af7320e3d","user_id":"223974653","datacenter":"tehran"}
[2026-02-03T22:06:05.711Z] {"type":"test_server_created","server_id":"118f0527-9066-4b84-ad23-03c08c0a260c","user_id":"5552340901","datacenter":"tehran"}
[2026-02-03T22:08:57.023Z] {"type":"server_deleted","server_id":"118f0527-9066-4b84-ad23-03c08c0a260c","user_id":"5552340901","datacenter":"tehran"}
[2026-02-03T22:09:04.001Z] {"type":"server_created","server_id":"cd30ac45-62f0-48a2-90c3-41ac22b2f132","user_id":"5552340901","datacenter":"tehran","password_provided":true}
[2026-02-04T18:51:07.170Z] {"type":"server_created","server_id":"4337b79e-1abe-4e06-a521-28016d5fa989","user_id":"158694718","datacenter":"tebyan","password_provided":true}
[2026-02-04T21:22:40.848Z] {"type":"server_created","server_id":"59b23abb-00ee-4bb0-92aa-133d2e2ae621","user_id":"5480598719","datacenter":"tehran","password_provided":true}
[2026-02-04T21:41:01.768Z] {"type":"server_deleted","server_id":"59b23abb-00ee-4bb0-92aa-133d2e2ae621","user_id":"5480598719","datacenter":"tehran"}
[2026-02-07T09:58:00.378Z] {"type":"server_created","server_id":"e62ac7f4-2cd1-42e4-b911-76aa44c129e1","user_id":"316244055","datacenter":"tebyan","password_provided":true}
[2026-02-07T10:10:23.734Z] {"type":"server_created","server_id":"df5d4be2-46d7-4b8c-bbd0-2bd87c94e437","user_id":"716167338","datacenter":"tebyan","password_provided":true}
[2026-02-07T10:13:44.186Z] {"type":"test_server_created","server_id":"572e3927-0d57-4bb6-9f61-77694f244c5e","user_id":"81038748","datacenter":"tehran"}
[2026-02-07T10:14:17.302Z] {"type":"test_server_created","server_id":"46d541f5-7283-437e-8341-a79c5c890263","user_id":"1864228250","datacenter":"tebyan"}
[2026-02-07T10:14:36.536Z] {"type":"server_deleted","server_id":"572e3927-0d57-4bb6-9f61-77694f244c5e","user_id":"81038748","datacenter":"tehran"}
[2026-02-07T10:27:18.265Z] {"type":"server_created","server_id":"48a3abe2-6410-445e-81fb-39188787959b","user_id":"1864228250","datacenter":"tehran","password_provided":true}
[2026-02-07T10:34:44.014Z] {"type":"server_created","server_id":"01d24931-3adb-4cd0-8926-082da30fa010","user_id":"165406775","datacenter":"tebyan","password_provided":true}
[2026-02-07T10:37:20.053Z] {"type":"test_server_created","server_id":"ab3ce174-7a84-4f05-9dc7-5efc20b53093","user_id":"1041041783","datacenter":"tebyan"}
[2026-02-07T10:50:33.046Z] {"type":"server_created","server_id":"3b485312-4c2d-4b04-b674-a5207be7b0fa","user_id":"5552340901","datacenter":"tebyan","password_provided":true}
[2026-02-07T10:56:16.931Z] {"type":"test_server_created","server_id":"f8bbf1be-790d-44ba-88a1-29efee845174","user_id":"5707787239","datacenter":"tebyan"}
[2026-02-07T11:09:06.711Z] {"type":"server_created","server_id":"0a65dde4-dc64-479b-984c-70fe809afbe8","user_id":"762735517","datacenter":"tebyan","password_provided":true}
[2026-02-07T11:20:21.566Z] {"type":"test_server_created","server_id":"8ec2817c-0bd3-4dc7-bb31-984c55f5a59d","user_id":"701030379","datacenter":"tebyan"}
[2026-02-07T11:46:14.684Z] {"type":"server_deleted","server_id":"cd30ac45-62f0-48a2-90c3-41ac22b2f132","user_id":"5552340901","datacenter":"tehran"}
[2026-02-07T11:56:45.023Z] {"type":"test_server_created","server_id":"1f038450-d8d9-49ec-9f18-c1d40a4fdce4","user_id":"762735517","datacenter":"tehran"}
[2026-02-07T12:00:16.485Z] {"type":"server_deleted","server_id":"1f038450-d8d9-49ec-9f18-c1d40a4fdce4","user_id":"762735517","datacenter":"tehran"}
[2026-02-07T12:25:42.841Z] {"type":"server_created","server_id":"cf68901d-30f1-45ed-9ef2-1d64fc6759ac","user_id":"223974653","datacenter":"tebyan","password_provided":true}
[2026-02-07T12:26:25.378Z] {"type":"server_deleted","server_id":"cf68901d-30f1-45ed-9ef2-1d64fc6759ac","user_id":"223974653","datacenter":"tebyan"}
[2026-02-07T12:32:56.745Z] {"type":"server_created","server_id":"83c482dd-be40-4320-bdec-d7bfe048f126","user_id":"223974653","datacenter":"tebyan","password_provided":true}
[2026-02-07T12:46:35.367Z] {"type":"server_deleted","server_id":"83c482dd-be40-4320-bdec-d7bfe048f126","user_id":"223974653","datacenter":"tebyan"}
[2026-02-07T12:47:03.421Z] {"type":"server_created","server_id":120255729,"user_id":"96686991","datacenter":"hetzner","password_provided":true}
[2026-02-07T14:23:27.245Z] {"type":"server_created","server_id":"b5a9cfec-f00b-4b27-9337-d4de48a75044","user_id":"96686991","datacenter":"tebyan","password_provided":true}
[2026-02-07T14:29:19.740Z] {"type":"server_created","server_id":"ee00b8fa-cf34-4024-8d59-16fd94b7e049","user_id":"96686991","datacenter":"tehran","password_provided":true}
[2026-02-07T16:07:23.701Z] {"type":"server_created","server_id":"0c03dcb0-5581-48d7-bf74-9352f5bc7482","user_id":"6770132277","datacenter":"tebyan","password_provided":true}
[2026-02-07T16:09:01.897Z] {"type":"server_created","server_id":"2facf25c-2a1b-4d03-ac85-eb98f62cccae","user_id":"6770132277","datacenter":"tehran","password_provided":true}
[2026-02-07T16:17:34.868Z] {"type":"server_deleted","server_id":"2facf25c-2a1b-4d03-ac85-eb98f62cccae","user_id":"6770132277","datacenter":"tehran"}
[2026-02-07T19:57:47.897Z] {"type":"server_created","server_id":"26fd7ce3-d1c3-4ac0-a33e-b80d86ff0ebc","user_id":"762735517","datacenter":"tehran","password_provided":true}
[2026-02-07T19:58:25.720Z] {"type":"server_deleted","server_id":"64e23069-80d3-4486-bf88-5772e3dd3f1a","user_id":"5552340901","datacenter":"tebyan"}
[2026-02-07T19:58:34.613Z] {"type":"server_deleted","server_id":"64e23069-80d3-4486-bf88-5772e3dd3f1a","user_id":"5552340901","datacenter":"tebyan"}
[2026-02-07T22:15:46.296Z] {"type":"test_server_created","server_id":"f02464e0-e1f7-49eb-95b5-b8daaca0b890","user_id":"8345495090","datacenter":"tehran"}
[2026-02-07T22:17:15.984Z] {"type":"server_deleted","server_id":"f02464e0-e1f7-49eb-95b5-b8daaca0b890","user_id":"8345495090","datacenter":"tehran"}
[2026-02-08T00:47:16.882Z] {"type":"server_deleted","server_id":"ee00b8fa-cf34-4024-8d59-16fd94b7e049","user_id":"96686991","datacenter":"tehran"}
[2026-02-08T00:49:09.739Z] {"type":"server_deleted","server_id":"114489146","user_id":"96686991","datacenter":"hetzner"}
[2026-02-08T01:38:06.129Z] {"type":"server_deleted","server_id":"0c03dcb0-5581-48d7-bf74-9352f5bc7482","user_id":"6770132277","datacenter":"tebyan"}
[2026-02-08T05:24:40.427Z] {"type":"server_created","server_id":120338958,"user_id":"96686991","datacenter":"hetzner","password_provided":true}
[2026-02-08T05:49:43.707Z] {"type":"server_created","server_id":120340811,"user_id":"96686991","datacenter":"hetzner","password_provided":true}
[2026-02-08T06:02:26.424Z] {"type":"server_created","server_id":120341769,"user_id":"96686991","datacenter":"hetzner","password_provided":true}
[2026-02-08T06:09:01.610Z] {"type":"server_created","server_id":120342250,"user_id":"96686991","datacenter":"hetzner","password_provided":true}
[2026-02-08T06:30:11.382Z] {"type":"server_created","server_id":120343954,"user_id":"96686991","datacenter":"hetzner","password_provided":true}
[2026-02-08T10:59:59.519Z] {"type":"server_created","server_id":120366806,"user_id":"1045202254","datacenter":"hetzner","password_provided":true}
[2026-02-08T11:02:40.766Z] {"type":"server_created","server_id":120367143,"user_id":"1045202254","datacenter":"hetzner","password_provided":true}
[2026-02-08T11:10:10.819Z] {"type":"server_deleted","server_id":"120366806","user_id":"1045202254","datacenter":"hetzner"}
[2026-02-08T12:15:05.703Z] {"type":"test_server_created","server_id":"e9a9cc7f-5cc9-40d1-90c9-20af76c44314","user_id":"846879631","datacenter":"tebyan"}
[2026-02-08T12:49:13.675Z] {"type":"server_deleted","server_id":"782f9fea-6d33-4796-8206-171dc80f9e0a","user_id":"143154830","datacenter":"tebyan"}
[2026-02-08T12:52:38.470Z] {"type":"server_deleted","server_id":"ae8ccbbb-456c-4f65-a656-dd5cd7dcdfe3","user_id":"143154830","datacenter":"tebyan"}
[2026-02-08T12:55:04.738Z] {"type":"server_deleted","server_id":"939e2edc-4f86-407b-862a-bdb0c7900524","user_id":"143154830","datacenter":"tebyan"}
[2026-02-08T18:41:28.915Z] {"type":"server_deleted","server_id":"ff0790c7-d732-428a-957a-44c4ce0a006d","user_id":"223974653","datacenter":"tebyan"}
[2026-02-08T22:19:21.280Z] {"type":"server_deleted","server_id":"120340811","user_id":"96686991","datacenter":"hetzner"}
[2026-02-08T22:21:40.827Z] {"type":"server_deleted","server_id":"120341769","user_id":"96686991","datacenter":"hetzner"}
[2026-02-09T00:32:43.910Z] {"type":"test_server_created","server_id":"ea5d8c40-aae8-44cf-8616-f02b73d46f10","user_id":"1694840969","datacenter":"tebyan"}
[2026-02-09T13:17:52.320Z] {"type":"server_created","server_id":"3d1a72bb-9e33-4c95-a015-86749700b36b","user_id":"716167338","datacenter":"tebyan","password_provided":true}
[2026-02-09T14:50:40.495Z] {"type":"server_deleted","server_id":"787a0c47-c369-4349-aa63-e2b66a713e0a","user_id":"716167338","datacenter":"tebyan"}
[2026-02-09T14:50:45.597Z] {"type":"server_deleted","server_id":"df5d4be2-46d7-4b8c-bbd0-2bd87c94e437","user_id":"716167338","datacenter":"tebyan"}
[2026-02-09T14:52:31.883Z] {"type":"server_created","server_id":"483f1a6c-8845-44d3-9fca-7c7f46a9fc14","user_id":"716167338","datacenter":"tebyan","password_provided":true}
[2026-02-09T14:57:51.587Z] {"type":"server_deleted","server_id":"483f1a6c-8845-44d3-9fca-7c7f46a9fc14","user_id":"716167338","datacenter":"tebyan"}
[2026-02-09T15:03:31.128Z] {"type":"server_created","server_id":120510704,"user_id":"96686991","datacenter":"hetzner","password_provided":true}
[2026-02-09T18:53:02.801Z] {"type":"server_created","server_id":120531997,"user_id":"96686991","datacenter":"hetzner","password_provided":true}
[2026-02-09T19:10:19.143Z] {"type":"server_created","server_id":120533527,"user_id":"96686991","datacenter":"hetzner","password_provided":true}
[2026-02-09T19:12:35.130Z] {"type":"server_deleted","server_id":"120533527","user_id":"96686991","datacenter":"hetzner"}
[2026-02-09T19:14:15.334Z] {"type":"server_created","server_id":120533919,"user_id":"96686991","datacenter":"hetzner","password_provided":true}
[2026-02-09T19:19:36.299Z] {"type":"server_deleted","server_id":"120533919","user_id":"96686991","datacenter":"hetzner"}
[2026-02-09T19:20:18.785Z] {"type":"server_deleted","server_id":"120531997","user_id":"96686991","datacenter":"hetzner"}
[2026-02-09T19:33:34.202Z] {"type":"server_created","server_id":"096d5fc7-7510-432d-8eb7-1a61fbc861e5","user_id":"316244055","datacenter":"tebyan","password_provided":true}
[2026-02-09T20:09:05.001Z] {"type":"server_created","server_id":"a1411cd4-2622-48c2-aec6-9c1707ce8bc5","user_id":"37839982","datacenter":"tebyan","password_provided":true}
[2026-02-09T21:28:29.496Z] {"type":"server_created","server_id":"f3e75402-abbf-4364-b24d-068d2842b9ec","user_id":"6971107665","datacenter":"tebyan","password_provided":true}
[2026-02-09T22:14:47.911Z] {"type":"server_deleted","server_id":"f3e75402-abbf-4364-b24d-068d2842b9ec","user_id":"6971107665","datacenter":"tebyan"}
[2026-02-09T23:44:24.103Z] {"type":"server_created","server_id":"c42fef38-7aa1-4c1c-a709-760e93351f82","user_id":"223974653","datacenter":"tebyan","password_provided":true}
[2026-02-10T07:20:05.831Z] {"type":"server_deleted","server_id":"120338958","user_id":"96686991","datacenter":"hetzner"}
[2026-02-10T08:18:31.012Z] {"type":"test_server_created","server_id":"fe309641-a1b4-44ac-8d59-8460d3bd1cfa","user_id":"5708291437","datacenter":"tebyan"}
[2026-02-10T08:50:40.105Z] {"type":"server_created","server_id":120611440,"user_id":"96686991","datacenter":"hetzner","password_provided":true}
[2026-02-10T09:17:59.418Z] {"type":"server_created","server_id":"3a5a3927-4926-497b-af1e-db841ccdd1da","user_id":"223974653","datacenter":"tebyan","password_provided":true}
[2026-02-10T09:22:20.555Z] {"type":"server_deleted","server_id":"3a5a3927-4926-497b-af1e-db841ccdd1da","user_id":"223974653","datacenter":"tebyan"}
[2026-02-10T09:26:50.287Z] {"type":"server_created","server_id":"705a68fd-f4db-4c98-9d49-b679bde69a3a","user_id":"223974653","datacenter":"tebyan","password_provided":true}
[2026-02-10T09:33:38.527Z] {"type":"server_deleted","server_id":"705a68fd-f4db-4c98-9d49-b679bde69a3a","user_id":"223974653","datacenter":"tebyan"}
[2026-02-10T09:44:13.213Z] {"type":"server_deleted","server_id":"705a68fd-f4db-4c98-9d49-b679bde69a3a","user_id":"223974653","datacenter":"tebyan"}
[2026-02-10T09:44:27.239Z] {"type":"server_deleted","server_id":"3a5a3927-4926-497b-af1e-db841ccdd1da","user_id":"223974653","datacenter":"tebyan"}
[2026-02-11T14:22:37.890Z] {"type":"server_created","server_id":"d031678f-c174-4f3b-b616-2f2ab477bb24","user_id":"716167338","datacenter":"tebyan","password_provided":true}
[2026-02-11T18:20:31.412Z] {"type":"server_deleted","server_id":"d031678f-c174-4f3b-b616-2f2ab477bb24","user_id":"716167338","datacenter":"tebyan"}
[2026-02-12T12:21:45.513Z] {"type":"server_created","server_id":120821459,"user_id":"316244055","datacenter":"hetzner","password_provided":true}
[2026-02-12T13:03:37.198Z] {"type":"server_deleted","server_id":"a1411cd4-2622-48c2-aec6-9c1707ce8bc5","user_id":"37839982","datacenter":"tebyan"}
[2026-02-12T14:30:38.299Z] {"type":"server_created","server_id":"feb67592-7b65-4687-be94-9b94a6b921f5","user_id":"6971107665","datacenter":"tebyan","password_provided":true}
[2026-02-12T14:56:25.256Z] {"type":"server_created","server_id":"aac2d97d-9ba9-461e-b318-7a2f2c9ba0a4","user_id":"716167338","datacenter":"tebyan","password_provided":true}
[2026-02-12T16:27:26.393Z] {"type":"server_deleted","server_id":"c42fef38-7aa1-4c1c-a709-760e93351f82","user_id":"223974653","datacenter":"tebyan"}
[2026-02-12T16:28:06.826Z] {"type":"server_created","server_id":"9f959ead-c5be-4279-9c60-2f28e5c4eaa6","user_id":"223974653","datacenter":"tebyan","password_provided":true}
[2026-02-12T17:14:48.024Z] {"type":"test_server_created","server_id":"514e07e2-c8c3-45ba-9489-2cbd5c81101d","user_id":"7252844142","datacenter":"tebyan"}
[2026-02-13T09:24:40.573Z] {"type":"server_deleted","server_id":"feb67592-7b65-4687-be94-9b94a6b921f5","user_id":"6971107665","datacenter":"tebyan"}
[2026-02-14T17:02:52.330Z] {"type":"server_deleted","server_id":"0a65dde4-dc64-479b-984c-70fe809afbe8","user_id":"762735517","datacenter":"tebyan"}
[2026-02-15T22:39:48.016Z] {"type":"server_created","server_id":121076250,"user_id":"716167338","datacenter":"hetzner","password_provided":true}
[2026-02-15T22:40:01.801Z] {"type":"server_deleted","server_id":"121076250","user_id":"716167338","datacenter":"hetzner"}
[2026-02-16T08:03:53.028Z] {"type":"server_deleted","server_id":"2a1af7be-2e55-478b-af99-cf1f6bfb22a8","user_id":"1864228250","datacenter":"tebyan"}
[2026-02-16T10:45:03.927Z] {"type":"server_created","server_id":121126475,"user_id":"6971107665","datacenter":"hetzner","password_provided":true}
[2026-02-16T10:56:49.062Z] {"type":"server_created","server_id":121127850,"user_id":"6971107665","datacenter":"hetzner","password_provided":true}
[2026-02-16T15:03:12.503Z] {"type":"server_created","server_id":"78bbfb68-8dd9-49b9-8ff5-479329a16b73","user_id":"7502494641","datacenter":"tebyan","password_provided":true}
[2026-02-16T15:04:29.652Z] {"type":"server_deleted","server_id":"78bbfb68-8dd9-49b9-8ff5-479329a16b73","user_id":"7502494641","datacenter":"tebyan"}
[2026-02-16T15:06:40.295Z] {"type":"server_created","server_id":"2fcd6eb4-9390-4c26-a101-cd3fefc0a149","user_id":"7502494641","datacenter":"tebyan","password_provided":true}
[2026-02-16T15:37:23.469Z] {"type":"server_deleted","server_id":"2fcd6eb4-9390-4c26-a101-cd3fefc0a149","user_id":"7502494641","datacenter":"tebyan"}
[2026-02-16T18:27:46.009Z] {"type":"server_created","server_id":"0bd60441-da5f-48b6-a214-a821ec4f1b64","user_id":"6770132277","datacenter":"tebyan","password_provided":true}
[2026-02-16T18:28:33.919Z] {"type":"test_server_created","server_id":"ac3325aa-9044-48de-a610-ecf8de2a8390","user_id":"5807763987","datacenter":"tebyan"}
[2026-02-16T18:28:41.553Z] {"type":"server_deleted","server_id":"ac3325aa-9044-48de-a610-ecf8de2a8390","user_id":"5807763987","datacenter":"tebyan"}
[2026-02-16T18:28:49.494Z] {"type":"server_created","server_id":"d3bb75fe-e362-4857-bbef-0941b2240c38","user_id":"716167338","datacenter":"tebyan","password_provided":true}
[2026-02-16T18:29:11.976Z] {"type":"server_deleted","server_id":"d3bb75fe-e362-4857-bbef-0941b2240c38","user_id":"716167338","datacenter":"tebyan"}
[2026-02-16T18:31:35.635Z] {"type":"server_created","server_id":"db3f5fdc-c4f5-4739-a09a-fcef62cad4b4","user_id":"716167338","datacenter":"tebyan","password_provided":true}
[2026-02-16T18:33:39.790Z] {"type":"server_deleted","server_id":"db3f5fdc-c4f5-4739-a09a-fcef62cad4b4","user_id":"716167338","datacenter":"tebyan"}
[2026-02-16T19:05:03.987Z] {"type":"server_created","server_id":"47cb15df-ecd3-48ba-940c-cc9791174585","user_id":"6770132277","datacenter":"tebyan","password_provided":true}
[2026-02-16T20:16:39.828Z] {"type":"server_created","server_id":"6016eb77-56a1-49e4-b0d7-69e0c1d18367","user_id":"716167338","datacenter":"tebyan","password_provided":true}
[2026-02-16T20:18:44.314Z] {"type":"server_deleted","server_id":"6016eb77-56a1-49e4-b0d7-69e0c1d18367","user_id":"716167338","datacenter":"tebyan"}
[2026-02-16T20:27:53.283Z] {"type":"server_deleted","server_id":"0bd60441-da5f-48b6-a214-a821ec4f1b64","user_id":"6770132277","datacenter":"tebyan"}
[2026-02-16T20:27:56.361Z] {"type":"server_deleted","server_id":"47cb15df-ecd3-48ba-940c-cc9791174585","user_id":"6770132277","datacenter":"tebyan"}
[2026-02-17T08:05:42.151Z] {"type":"server_deleted","server_id":"121126475","user_id":"6971107665","datacenter":"hetzner"}
[2026-02-17T08:08:00.105Z] {"type":"server_deleted","server_id":"121127850","user_id":"6971107665","datacenter":"hetzner"}
[2026-02-17T08:23:49.294Z] {"type":"server_created","server_id":121229174,"user_id":"7510773823","datacenter":"hetzner","password_provided":true}
[2026-02-17T08:39:17.214Z] {"type":"server_deleted","server_id":"121229174","user_id":"7510773823","datacenter":"hetzner"}
[2026-02-17T08:40:36.638Z] {"type":"test_server_created","server_id":"027c6d49-89db-40d7-8597-57a220d7bdc8","user_id":"7510773823","datacenter":"tebyan"}
[2026-02-17T08:41:51.892Z] {"type":"server_deleted","server_id":"027c6d49-89db-40d7-8597-57a220d7bdc8","user_id":"7510773823","datacenter":"tebyan"}
[2026-02-17T08:43:51.945Z] {"type":"server_created","server_id":"acb511b1-cd73-4493-8b8c-a349c434e160","user_id":"7510773823","datacenter":"tebyan","password_provided":true}
[2026-02-17T08:49:29.708Z] {"type":"server_deleted","server_id":"acb511b1-cd73-4493-8b8c-a349c434e160","user_id":"7510773823","datacenter":"tebyan"}
[2026-02-17T08:53:13.542Z] {"type":"server_created","server_id":"3d49a761-5f5f-4e9d-be2b-7c2141c986e4","user_id":"716167338","datacenter":"tebyan","password_provided":true}
[2026-02-17T09:06:09.601Z] {"type":"server_deleted","server_id":"3d49a761-5f5f-4e9d-be2b-7c2141c986e4","user_id":"716167338","datacenter":"tebyan"}
[2026-02-17T11:24:36.153Z] {"type":"server_created","server_id":"03124d61-1a7b-41a1-a853-60aa4a38cd86","user_id":"2131380058","datacenter":"tebyan","password_provided":true}
[2026-02-17T18:34:58.170Z] {"type":"server_created","server_id":"2b8cd547-8085-48df-baff-9f319b0e82b4","user_id":"716167338","datacenter":"tebyan","password_provided":true}
[2026-02-17T18:39:04.016Z] {"type":"server_deleted","server_id":"2b8cd547-8085-48df-baff-9f319b0e82b4","user_id":"716167338","datacenter":"tebyan"}
[2026-02-17T20:26:06.522Z] {"type":"server_created","server_id":"e319757e-89f1-4a9e-b7d0-204e4c135dd2","user_id":"716167338","datacenter":"tebyan","password_provided":true}
[2026-02-17T22:00:56.532Z] {"type":"server_deleted","server_id":"03124d61-1a7b-41a1-a853-60aa4a38cd86","user_id":"2131380058","datacenter":"tebyan"}
[2026-02-17T22:01:07.129Z] {"type":"server_deleted","server_id":"119213317","user_id":"2131380058","datacenter":"hetzner"}
[2026-02-17T22:22:26.553Z] {"type":"server_deleted","server_id":"120255729","user_id":"96686991","datacenter":"hetzner"}
[2026-02-17T22:22:33.841Z] {"type":"server_deleted","server_id":"120342250","user_id":"96686991","datacenter":"hetzner"}
[2026-02-17T22:22:50.990Z] {"type":"server_deleted","server_id":"120343954","user_id":"96686991","datacenter":"hetzner"}
[2026-02-17T22:23:02.383Z] {"type":"server_deleted","server_id":"120510704","user_id":"96686991","datacenter":"hetzner"}
[2026-02-17T22:23:11.745Z] {"type":"server_deleted","server_id":"120611440","user_id":"96686991","datacenter":"hetzner"}
[2026-02-17T22:39:31.654Z] {"type":"server_deleted","server_id":"e319757e-89f1-4a9e-b7d0-204e4c135dd2","user_id":"716167338","datacenter":"tebyan"}
[2026-02-17T23:00:06.991Z] {"type":"server_created","server_id":121309723,"user_id":"1393067543","datacenter":"hetzner","password_provided":true}
[2026-02-17T23:01:10.049Z] {"type":"server_created","server_id":121309827,"user_id":"1393067543","datacenter":"hetzner","password_provided":true}
[2026-02-17T23:01:23.655Z] {"type":"server_created","server_id":121309841,"user_id":"1393067543","datacenter":"hetzner","password_provided":true}
[2026-02-17T23:01:32.192Z] {"type":"server_created","server_id":121309849,"user_id":"1393067543","datacenter":"hetzner","password_provided":true}
[2026-02-17T23:01:39.899Z] {"type":"server_created","server_id":121309874,"user_id":"1393067543","datacenter":"hetzner","password_provided":true}
[2026-02-18T00:48:39.637Z] {"type":"server_created","server_id":121317471,"user_id":"505777308","datacenter":"hetzner","password_provided":true}
[2026-02-18T00:48:44.325Z] {"type":"server_deleted","server_id":"121317471","user_id":"505777308","datacenter":"hetzner"}
[2026-02-18T12:07:19.868Z] {"type":"server_created","server_id":"42ede506-13f6-4028-8f6e-1be6419b8542","user_id":"716167338","datacenter":"tebyan","password_provided":true}
[2026-02-18T12:07:29.324Z] {"type":"server_deleted","server_id":"42ede506-13f6-4028-8f6e-1be6419b8542","user_id":"716167338","datacenter":"tebyan"}
[2026-02-18T14:47:36.399Z] {"type":"server_deleted","server_id":"121127850","user_id":"6971107665","datacenter":"hetzner"}
[2026-02-18T14:49:30.388Z] {"type":"server_created","server_id":"c88c810a-5b2d-460f-af03-b2d1515dae94","user_id":"6971107665","datacenter":"tebyan","password_provided":true}
[2026-02-18T14:51:18.088Z] {"type":"server_deleted","server_id":"c88c810a-5b2d-460f-af03-b2d1515dae94","user_id":"6971107665","datacenter":"tebyan"}
[2026-02-18T14:53:48.778Z] {"type":"server_created","server_id":"27459785-e31b-4a3f-9f2f-df4d968ec073","user_id":"6971107665","datacenter":"tebyan","password_provided":true}
[2026-02-18T14:54:59.351Z] {"type":"server_deleted","server_id":"27459785-e31b-4a3f-9f2f-df4d968ec073","user_id":"6971107665","datacenter":"tebyan"}
[2026-02-18T14:58:55.009Z] {"type":"server_created","server_id":"2c32ea3b-e344-4594-9137-711e2e1a2f2b","user_id":"6971107665","datacenter":"tebyan","password_provided":true}
[2026-02-18T15:00:54.263Z] {"type":"server_deleted","server_id":"2c32ea3b-e344-4594-9137-711e2e1a2f2b","user_id":"6971107665","datacenter":"tebyan"}
[2026-02-18T16:09:40.460Z] {"type":"server_created","server_id":"4e82732a-c4b0-4c62-8395-4a985a88b487","user_id":"223974653","datacenter":"tebyan","password_provided":true}
[2026-02-18T16:33:38.025Z] {"type":"server_created","server_id":"d3708c51-063c-44c3-806c-34c1d0d9bcd6","user_id":"716167338","datacenter":"tebyan","password_provided":true}
[2026-02-18T16:55:22.436Z] {"type":"server_deleted","server_id":"d3708c51-063c-44c3-806c-34c1d0d9bcd6","user_id":"716167338","datacenter":"tebyan"}
[2026-02-18T17:55:21.537Z] {"type":"server_created","server_id":"3f04f2ef-e22b-4712-836b-142eef3640a9","user_id":"1393067543","datacenter":"tebyan","password_provided":true}
[2026-02-18T20:59:17.657Z] {"type":"server_deleted","server_id":"121309723","user_id":"1393067543","datacenter":"hetzner"}
[2026-02-18T21:00:01.877Z] {"type":"server_deleted","server_id":"121309827","user_id":"1393067543","datacenter":"hetzner"}
[2026-02-18T21:00:46.684Z] {"type":"server_deleted","server_id":"121309827","user_id":"1393067543","datacenter":"hetzner"}
[2026-02-18T21:01:00.785Z] {"type":"server_deleted","server_id":"3f04f2ef-e22b-4712-836b-142eef3640a9","user_id":"1393067543","datacenter":"tebyan"}
[2026-02-18T21:01:03.821Z] {"type":"server_deleted","server_id":"121309874","user_id":"1393067543","datacenter":"hetzner"}
[2026-02-18T21:02:00.335Z] {"type":"server_deleted","server_id":"121309849","user_id":"1393067543","datacenter":"hetzner"}
[2026-02-19T08:10:56.445Z] {"type":"test_server_created","server_id":"2a7ac241-d2ba-4788-a3b1-8bfd44e47bc7","user_id":"7513231262","datacenter":"tebyan"}
[2026-02-20T15:36:30.408Z] {"type":"test_server_created","server_id":"bf8bcab6-cfaa-4c0b-8744-5928fbbb51a0","user_id":"8493292786","datacenter":"tebyan"}
[2026-02-20T15:39:32.346Z] {"type":"server_created","server_id":"09568794-ec3a-4059-9f29-e1f6db97cd98","user_id":"8493292786","datacenter":"tebyan","password_provided":true}
[2026-02-20T16:16:23.221Z] {"type":"server_deleted","server_id":"09568794-ec3a-4059-9f29-e1f6db97cd98","user_id":"8493292786","datacenter":"tebyan"}
[2026-02-20T16:18:52.888Z] {"type":"server_created","server_id":"acbba3fe-a62c-4c18-a8fd-5056727e3387","user_id":"8493292786","datacenter":"tebyan","password_provided":true}
[2026-02-20T18:04:00.741Z] {"type":"test_server_created","server_id":"ba465768-e083-4112-98e8-d3eccf3a0c8a","user_id":"6614944407","datacenter":"tebyan"}
[2026-02-20T18:22:43.613Z] {"type":"server_created","server_id":121620744,"user_id":"5083039930","datacenter":"hetzner","password_provided":true}
[2026-02-20T18:23:15.649Z] {"type":"test_server_created","server_id":"27f7c245-0610-406c-8033-2cd086730c9a","user_id":"5083039930","datacenter":"tebyan"}
[2026-02-20T18:31:56.280Z] {"type":"server_deleted","server_id":"27f7c245-0610-406c-8033-2cd086730c9a","user_id":"5083039930","datacenter":"tebyan"}
[2026-02-20T18:51:59.358Z] {"type":"server_created","server_id":121622657,"user_id":"5083039930","datacenter":"hetzner","password_provided":true}
[2026-02-20T20:09:33.366Z] {"type":"server_deleted","server_id":"cd9f8e99-7fd6-4545-a2e8-a57ceffe7cd2","user_id":"716167338","datacenter":"tebyan"}
[2026-02-20T21:54:24.690Z] {"type":"server_deleted","server_id":"121620744","user_id":"5083039930","datacenter":"hetzner"}
[2026-02-20T22:32:44.470Z] {"type":"server_deleted","server_id":"acbba3fe-a62c-4c18-a8fd-5056727e3387","user_id":"8493292786","datacenter":"tebyan"}
[2026-02-22T10:28:01.731Z] {"type":"server_deleted","server_id":"4337b79e-1abe-4e06-a521-28016d5fa989","user_id":"158694718","datacenter":"tebyan"}
[2026-02-22T13:53:58.295Z] {"type":"server_created","server_id":"200dfd8c-e102-44c3-b727-efc7853b723a","user_id":"316244055","datacenter":"tebyan","password_provided":true}
[2026-02-22T16:29:05.657Z] {"type":"server_deleted","server_id":"3d1a72bb-9e33-4c95-a015-86749700b36b","user_id":"716167338","datacenter":"tebyan"}
[2026-02-22T19:11:07.678Z] {"type":"server_deleted","server_id":"200dfd8c-e102-44c3-b727-efc7853b723a","user_id":"316244055","datacenter":"tebyan"}
[2026-02-23T06:24:55.340Z] {"type":"test_server_created","server_id":"a221bf67-f209-4402-bed3-309b1c0e8169","user_id":"378713184","datacenter":"tebyan"}
[2026-02-23T07:05:33.774Z] {"type":"server_created","server_id":"0908b3da-4b94-4267-886b-589f9212896b","user_id":"6971107665","datacenter":"tebyan","password_provided":true}
[2026-02-23T08:17:23.003Z] {"type":"server_created","server_id":"ec48effa-c53c-4613-b820-0bd5c2332db7","user_id":"461119730","datacenter":"tebyan","password_provided":true}
[2026-02-23T08:37:29.720Z] {"type":"server_deleted","server_id":"ec48effa-c53c-4613-b820-0bd5c2332db7","user_id":"461119730","datacenter":"tebyan"}
[2026-02-23T08:40:04.052Z] {"type":"server_deleted","server_id":"d48655b3-f18f-479d-9a20-c02c945501ef","user_id":"461119730","datacenter":"tebyan"}
[2026-02-23T08:40:40.820Z] {"type":"server_created","server_id":"d48655b3-f18f-479d-9a20-c02c945501ef","user_id":"461119730","datacenter":"tebyan","password_provided":true}
[2026-02-23T08:41:04.521Z] {"type":"server_deleted","server_id":"d48655b3-f18f-479d-9a20-c02c945501ef","user_id":"461119730","datacenter":"tebyan"}
[2026-02-23T08:41:07.087Z] {"type":"server_created","server_id":"cbdf9401-1900-48a0-800f-0d2d39cbd852","user_id":"461119730","datacenter":"tebyan","password_provided":true}
[2026-02-23T08:42:28.096Z] {"type":"server_deleted","server_id":"cbdf9401-1900-48a0-800f-0d2d39cbd852","user_id":"461119730","datacenter":"tebyan"}
[2026-02-23T08:42:42.016Z] {"type":"server_deleted","server_id":"d48655b3-f18f-479d-9a20-c02c945501ef","user_id":"461119730","datacenter":"tebyan"}
[2026-02-23T08:44:02.623Z] {"type":"server_deleted","server_id":"d48655b3-f18f-479d-9a20-c02c945501ef","user_id":"461119730","datacenter":"tebyan"}
[2026-02-23T08:44:09.850Z] {"type":"server_deleted","server_id":"d48655b3-f18f-479d-9a20-c02c945501ef","user_id":"461119730","datacenter":"tebyan"}
[2026-02-23T08:44:47.897Z] {"type":"server_deleted","server_id":"d48655b3-f18f-479d-9a20-c02c945501ef","user_id":"461119730","datacenter":"tebyan"}
[2026-02-23T08:45:03.336Z] {"type":"server_created","server_id":"c241bf35-f83b-416c-96d3-6867f5c784e6","user_id":"461119730","datacenter":"tebyan","password_provided":true}
[2026-02-23T09:03:32.529Z] {"type":"test_server_created","server_id":"1a742f09-4bc0-4065-aa9a-28ddae46e339","user_id":"8398720515","datacenter":"tebyan"}
[2026-02-23T09:07:00.283Z] {"type":"test_server_created","server_id":"05f10480-c063-445b-9873-e0cc951b7e49","user_id":"8227627440","datacenter":"tebyan"}
[2026-02-23T09:26:49.096Z] {"type":"server_deleted","server_id":"c241bf35-f83b-416c-96d3-6867f5c784e6","user_id":"461119730","datacenter":"tebyan"}
[2026-02-23T09:27:10.443Z] {"type":"server_deleted","server_id":"d48655b3-f18f-479d-9a20-c02c945501ef","user_id":"461119730","datacenter":"tebyan"}
[2026-02-23T09:27:19.787Z] {"type":"server_deleted","server_id":"d48655b3-f18f-479d-9a20-c02c945501ef","user_id":"461119730","datacenter":"tebyan"}
[2026-02-23T09:34:30.801Z] {"type":"server_created","server_id":"23d052fe-385d-4579-91f4-59c94f1a7997","user_id":"8227627440","datacenter":"tebyan","password_provided":true}
[2026-02-23T09:55:56.877Z] {"type":"test_server_created","server_id":"d21ba17c-db53-4458-99dc-413524b08405","user_id":"6891251860","datacenter":"tebyan"}
[2026-02-23T10:14:33.058Z] {"type":"server_created","server_id":"e839d276-dc98-4870-a476-514eed4b1fee","user_id":"223974653","datacenter":"tebyan","password_provided":true}
[2026-02-23T10:24:39.051Z] {"type":"server_created","server_id":"b9c2189c-17b7-474c-8383-a6af429e99de","user_id":"6891251860","datacenter":"tebyan","password_provided":true}
[2026-02-23T12:19:03.996Z] {"type":"server_deleted","server_id":"d48655b3-f18f-479d-9a20-c02c945501ef","user_id":"461119730","datacenter":"tebyan"}
[2026-02-23T12:21:09.408Z] {"type":"server_deleted","server_id":"d48655b3-f18f-479d-9a20-c02c945501ef","user_id":"461119730","datacenter":"tebyan"}
[2026-02-23T12:26:44.933Z] {"type":"server_deleted","server_id":"d48655b3-f18f-479d-9a20-c02c945501ef","user_id":"461119730","datacenter":"tebyan"}
[2026-02-23T12:36:01.919Z] {"type":"server_created","server_id":121832415,"user_id":"461119730","datacenter":"hetzner","password_provided":true}
[2026-02-23T15:46:41.404Z] {"type":"server_deleted","server_id":"8f087d57-9df7-485b-8c8f-9bc98f3faa7d","user_id":"143154830","datacenter":"tebyan"}
[2026-02-23T15:47:54.368Z] {"type":"server_deleted","server_id":"a000cc31-b459-4eb2-99c2-28e7ac9f2ecf","user_id":"143154830","datacenter":"tebyan"}
[2026-02-23T16:32:31.391Z] {"type":"server_created","server_id":"03d641a9-7495-490b-8de9-91a863aa15cc","user_id":"5707787239","datacenter":"tebyan","password_provided":true}
[2026-02-24T02:07:12.486Z] {"type":"test_server_created","server_id":"d89462a0-f6e9-4a1c-a105-15c210fc315e","user_id":"205429942","datacenter":"tebyan"}
[2026-02-24T09:02:02.828Z] {"type":"server_deleted","server_id":"d89462a0-f6e9-4a1c-a105-15c210fc315e","user_id":"205429942","datacenter":"tebyan"}
[2026-02-24T11:18:17.318Z] {"type":"server_created","server_id":"48266230-7fc4-4840-a852-28d33c3d59b9","user_id":"316244055","datacenter":"tebyan","password_provided":true}
[2026-02-24T12:18:02.986Z] {"type":"server_created","server_id":"e82458f8-cec5-4b14-9ac2-e36df0456292","user_id":"316244055","datacenter":"tebyan","password_provided":true}
[2026-02-24T14:34:52.691Z] {"type":"server_created","server_id":"efb2772c-52c1-4350-9369-ab19f23ce8f4","user_id":"205429942","datacenter":"tebyan","password_provided":true}
[2026-02-24T14:36:10.247Z] {"type":"server_created","server_id":"520e8864-8901-4f7d-9236-f3d986beaa03","user_id":"205429942","datacenter":"tebyan","password_provided":true}
[2026-02-24T14:36:58.108Z] {"type":"server_created","server_id":"3b81bdf3-90e0-48d9-abf9-d534445f5ef1","user_id":"205429942","datacenter":"tebyan","password_provided":true}
[2026-02-24T14:38:24.376Z] {"type":"server_created","server_id":"9a0ffc9e-0451-419f-b9e2-0b04f6078e07","user_id":"205429942","datacenter":"tebyan","password_provided":true}
[2026-02-24T14:41:20.894Z] {"type":"server_created","server_id":"4da5f250-c79d-4de7-9c29-621dd530f09a","user_id":"205429942","datacenter":"tebyan","password_provided":true}
[2026-02-24T14:42:58.364Z] {"type":"server_deleted","server_id":"a6708e3a-05c6-49e3-90c6-6e0546f4c297","user_id":"205429942","datacenter":"tebyan"}
[2026-02-24T14:43:06.960Z] {"type":"server_deleted","server_id":"4da5f250-c79d-4de7-9c29-621dd530f09a","user_id":"205429942","datacenter":"tebyan"}
[2026-02-24T14:43:17.930Z] {"type":"server_deleted","server_id":"9a0ffc9e-0451-419f-b9e2-0b04f6078e07","user_id":"205429942","datacenter":"tebyan"}
[2026-02-24T14:43:25.433Z] {"type":"server_deleted","server_id":"3b81bdf3-90e0-48d9-abf9-d534445f5ef1","user_id":"205429942","datacenter":"tebyan"}
[2026-02-24T14:43:35.817Z] {"type":"server_deleted","server_id":"efb2772c-52c1-4350-9369-ab19f23ce8f4","user_id":"205429942","datacenter":"tebyan"}
[2026-02-24T14:43:39.947Z] {"type":"server_created","server_id":"a6708e3a-05c6-49e3-90c6-6e0546f4c297","user_id":"205429942","datacenter":"tebyan","password_provided":true}
[2026-02-24T14:44:24.622Z] {"type":"server_deleted","server_id":"520e8864-8901-4f7d-9236-f3d986beaa03","user_id":"205429942","datacenter":"tebyan"}
[2026-02-24T14:45:52.118Z] {"type":"server_created","server_id":"17fa39ac-d296-48c8-a461-130085f78ea4","user_id":"205429942","datacenter":"tebyan","password_provided":true}
[2026-02-24T14:47:39.563Z] {"type":"server_deleted","server_id":"17fa39ac-d296-48c8-a461-130085f78ea4","user_id":"205429942","datacenter":"tebyan"}
[2026-02-24T19:35:30.332Z] {"type":"test_server_created","server_id":"f6928a76-bd5e-4ab5-80fa-e9be8dd0ba28","user_id":"1564457827","datacenter":"tebyan"}
[2026-02-24T20:10:15.335Z] {"type":"server_created","server_id":"2c171ecf-1f03-444a-abbf-4b0074dd518f","user_id":"461119730","datacenter":"tebyan","password_provided":true}
[2026-02-24T20:38:11.823Z] {"type":"server_deleted","server_id":"2c171ecf-1f03-444a-abbf-4b0074dd518f","user_id":"461119730","datacenter":"tebyan"}
[2026-02-24T21:03:48.904Z] {"type":"server_created","server_id":"8a897f61-4acf-4bbd-947d-5451302b79f6","user_id":"205429942","datacenter":"tebyan","password_provided":true}
[2026-02-24T21:04:37.884Z] {"type":"server_deleted","server_id":"8a897f61-4acf-4bbd-947d-5451302b79f6","user_id":"205429942","datacenter":"tebyan"}
[2026-02-25T06:27:25.789Z] {"type":"server_deleted","server_id":"121832415","user_id":"461119730","datacenter":"hetzner"}
[2026-02-25T06:27:51.806Z] {"type":"server_created","server_id":122049125,"user_id":"461119730","datacenter":"hetzner","password_provided":true}
[2026-02-25T09:39:51.401Z] {"type":"server_deleted","server_id":"122049125","user_id":"461119730","datacenter":"hetzner"}
[2026-02-25T09:41:42.458Z] {"type":"server_created","server_id":122065272,"user_id":"461119730","datacenter":"hetzner","password_provided":true}
[2026-02-25T09:46:59.588Z] {"type":"server_deleted","server_id":"122065272","user_id":"461119730","datacenter":"hetzner"}
[2026-02-25T11:02:02.631Z] {"type":"server_created","server_id":"4dfa61aa-2ab5-498c-9724-8c46ebce4461","user_id":"316244055","datacenter":"tebyan","password_provided":true}
[2026-02-25T11:14:33.605Z] {"type":"server_created","server_id":"6fcaa60c-d340-4289-a4d0-d8740f2e8b26","user_id":"316244055","datacenter":"tebyan","password_provided":true}
[2026-02-25T12:42:32.055Z] {"type":"server_created","server_id":122079910,"user_id":"316244055","datacenter":"hetzner","password_provided":true}
[2026-02-25T12:43:50.517Z] {"type":"server_deleted","server_id":"122079910","user_id":"316244055","datacenter":"hetzner"}
[2026-02-25T12:43:58.634Z] {"type":"server_created","server_id":122080001,"user_id":"316244055","datacenter":"hetzner","password_provided":true}
[2026-02-25T12:45:09.490Z] {"type":"server_deleted","server_id":"122080001","user_id":"316244055","datacenter":"hetzner"}
[2026-02-25T15:55:04.544Z] {"type":"test_server_created","server_id":"d0afc50d-f4e0-4c38-95fd-3d5db459fcc1","user_id":"505777308","datacenter":"tebyan"}
[2026-02-25T15:55:10.961Z] {"type":"server_deleted","server_id":"d0afc50d-f4e0-4c38-95fd-3d5db459fcc1","user_id":"505777308","datacenter":"tebyan"}
[2026-02-25T17:09:08.061Z] {"type":"server_deleted","server_id":"15dbd5da-f3a9-4a3f-a44d-5010376911a4","user_id":"206648292","datacenter":"tebyan"}
[2026-02-25T17:09:14.743Z] {"type":"server_deleted","server_id":"d8f64215-a101-4e76-b9b1-3530bc3dd5b3","user_id":"206648292","datacenter":"tebyan"}
[2026-02-25T17:09:22.660Z] {"type":"server_deleted","server_id":"99106745-52ff-4d05-a802-5143ea068dd2","user_id":"206648292","datacenter":"tebyan"}
[2026-02-25T17:09:32.623Z] {"type":"server_deleted","server_id":"234d123f-e4c9-4db9-a74f-6b925b06aa21","user_id":"206648292","datacenter":"tebyan"}
[2026-02-25T17:09:45.883Z] {"type":"server_deleted","server_id":"2e354193-850e-4c66-9d9f-e71803229518","user_id":"206648292","datacenter":"tebyan"}
[2026-02-25T17:10:13.478Z] {"type":"server_deleted","server_id":"b3755265-3b36-4b76-8855-36d7200cbc52","user_id":"206648292","datacenter":"tebyan"}
[2026-02-25T17:10:22.307Z] {"type":"server_deleted","server_id":"b34989f1-e7a7-43ab-9f6e-ac4d728e91dc","user_id":"206648292","datacenter":"tebyan"}
[2026-02-25T17:11:59.554Z] {"type":"server_deleted","server_id":"384bbaa3-470c-40e9-b816-9182badc2dcd","user_id":"206648292","datacenter":"tebyan"}
[2026-02-25T19:59:35.720Z] {"type":"server_created","server_id":122121262,"user_id":"619523810","datacenter":"hetzner","password_provided":true}
[2026-02-25T20:01:31.549Z] {"type":"server_deleted","server_id":"122121262","user_id":"619523810","datacenter":"hetzner"}
[2026-02-25T23:23:05.518Z] {"type":"server_created","server_id":"d0a454a7-8f2d-43b3-ac33-06b331aad873","user_id":"505777308","datacenter":"tebyan","password_provided":true}
[2026-02-26T00:26:18.389Z] {"type":"server_deleted","server_id":"d0a454a7-8f2d-43b3-ac33-06b331aad873","user_id":"505777308","datacenter":"tebyan"}
[2026-02-26T14:41:37.989Z] {"type":"server_created","server_id":122207629,"user_id":"461119730","datacenter":"hetzner","password_provided":true}
[2026-02-27T14:41:25.949Z] {"type":"test_server_created","server_id":"a829e701-7330-4fc9-8159-1faa411ec4f9","user_id":"7563493701","datacenter":"tebyan"}
[2026-02-27T14:47:08.931Z] {"type":"server_deleted","server_id":"a829e701-7330-4fc9-8159-1faa411ec4f9","user_id":"7563493701","datacenter":"tebyan"}
[2026-02-27T18:25:35.968Z] {"type":"server_created","server_id":"e66abd99-43d4-4acd-85a0-9e596530f27f","user_id":"505777308","datacenter":"tebyan","password_provided":true}
[2026-02-27T20:01:41.400Z] {"type":"server_deleted","server_id":"e66abd99-43d4-4acd-85a0-9e596530f27f","user_id":"505777308","datacenter":"tebyan"}
[2026-02-27T20:05:17.751Z] {"type":"server_created","server_id":"4af83490-2553-477f-909c-eeb4a9d53bdf","user_id":"505777308","datacenter":"tebyan","password_provided":true}
[2026-02-27T20:05:18.130Z] {"type":"server_created","server_id":"9116e515-43b6-4788-83b8-3e3a581fd1a8","user_id":"505777308","datacenter":"tebyan","password_provided":true}
[2026-02-27T20:05:44.902Z] {"type":"server_deleted","server_id":"9116e515-43b6-4788-83b8-3e3a581fd1a8","user_id":"505777308","datacenter":"tebyan"}
[2026-02-27T20:10:21.865Z] {"type":"server_deleted","server_id":"122207629","user_id":"461119730","datacenter":"hetzner"}
[2026-02-27T20:11:09.333Z] {"type":"server_deleted","server_id":"9116e515-43b6-4788-83b8-3e3a581fd1a8","user_id":"505777308","datacenter":"tebyan"}
[2026-02-27T20:11:29.800Z] {"type":"server_deleted","server_id":"9116e515-43b6-4788-83b8-3e3a581fd1a8","user_id":"505777308","datacenter":"tebyan"}
[2026-02-27T20:12:12.450Z] {"type":"server_deleted","server_id":"9116e515-43b6-4788-83b8-3e3a581fd1a8","user_id":"505777308","datacenter":"tebyan"}
[2026-02-27T20:12:13.810Z] {"type":"server_deleted","server_id":"9116e515-43b6-4788-83b8-3e3a581fd1a8","user_id":"505777308","datacenter":"tebyan"}
[2026-02-27T20:35:56.192Z] {"type":"server_created","server_id":"2e5803d4-c654-4ba7-b495-c05ca9243664","user_id":"505777308","datacenter":"tebyan","password_provided":true}
[2026-02-27T20:41:00.606Z] {"type":"server_deleted","server_id":"2e5803d4-c654-4ba7-b495-c05ca9243664","user_id":"505777308","datacenter":"tebyan"}
[2026-02-27T20:42:24.533Z] {"type":"server_created","server_id":"7946b8f4-da63-4c4a-a28f-25263ba769ab","user_id":"505777308","datacenter":"tebyan","password_provided":true}
[2026-02-27T20:43:50.321Z] {"type":"server_deleted","server_id":"7946b8f4-da63-4c4a-a28f-25263ba769ab","user_id":"505777308","datacenter":"tebyan"}
[2026-02-27T20:44:45.302Z] {"type":"server_created","server_id":"6a846c5a-10fb-4ce2-a11b-9eac1c7c7b71","user_id":"505777308","datacenter":"tebyan","password_provided":true}
[2026-02-27T20:48:40.413Z] {"type":"server_deleted","server_id":"4af83490-2553-477f-909c-eeb4a9d53bdf","user_id":"505777308","datacenter":"tebyan"}
[2026-02-27T20:49:02.246Z] {"type":"server_deleted","server_id":"9116e515-43b6-4788-83b8-3e3a581fd1a8","user_id":"505777308","datacenter":"tebyan"}
[2026-02-28T01:31:51.827Z] {"type":"test_server_created","server_id":"7d2750e3-5450-4e3b-bbd6-30c407937c53","user_id":"5083039930","datacenter":"tebyan"}
[2026-02-28T18:40:35.378Z] {"type":"server_created","server_id":122387230,"user_id":"6971107665","datacenter":"hetzner","password_provided":true}
[2026-02-28T19:28:35.358Z] {"type":"server_deleted","server_id":"122387230","user_id":"6971107665","datacenter":"hetzner"}
[2026-02-28T19:28:47.593Z] {"type":"server_created","server_id":122389837,"user_id":"6971107665","datacenter":"hetzner","password_provided":true}
[2026-03-01T11:47:14.535Z] {"type":"server_created","server_id":122426788,"user_id":"6971107665","datacenter":"hetzner","password_provided":true}
[2026-03-01T21:28:44.490Z] {"type":"server_created","server_id":122456066,"user_id":"6971107665","datacenter":"hetzner","password_provided":true}
[2026-03-01T21:28:49.024Z] {"type":"server_deleted","server_id":"122426788","user_id":"6971107665","datacenter":"hetzner"}
[2026-03-01T21:28:55.577Z] {"type":"server_deleted","server_id":"122389837","user_id":"6971107665","datacenter":"hetzner"}
[2026-03-01T23:58:56.578Z] {"type":"server_created","server_id":122462243,"user_id":"6971107665","datacenter":"hetzner","password_provided":true}
[2026-03-21T05:30:26.822Z] {"type":"server_deleted","server_id":"122456066","user_id":"6971107665","datacenter":"hetzner"}
[2026-03-21T05:30:34.005Z] {"type":"server_deleted","server_id":"122462243","user_id":"6971107665","datacenter":"hetzner"}
[2026-03-24T00:12:54.720Z] {"type":"server_deleted","server_id":"121622657","user_id":"5083039930","datacenter":"hetzner"}
[2026-04-04T02:09:13.732Z] {"type":"server_created","server_id":125810656,"user_id":"5083039930","datacenter":"hetzner","password_provided":true}
[2026-04-04T02:09:34.269Z] {"type":"server_deleted","server_id":"125810656","user_id":"5083039930","datacenter":"hetzner"}
[2026-05-04T16:34:25.934Z] {"type":"server_created","server_id":129107939,"user_id":"5083039930","datacenter":"hetzner","password_provided":true}
[2026-05-04T17:11:13.571Z] {"type":"server_deleted","server_id":"129107939","user_id":"5083039930","datacenter":"hetzner"}
[2026-05-05T10:45:23.673Z] {"type":"server_created","server_id":129199650,"user_id":"7502494641","datacenter":"hetzner","password_provided":true}
[2026-05-05T11:30:11.656Z] {"type":"server_created","server_id":129204475,"user_id":"485683928","datacenter":"hetzner","password_provided":true}
[2026-05-05T19:31:02.076Z] {"type":"server_created","server_id":129273664,"user_id":"158694718","datacenter":"hetzner","password_provided":true}
[2026-05-05T19:34:09.042Z] {"type":"server_deleted","server_id":"129273664","user_id":"158694718","datacenter":"hetzner"}
[2026-05-06T08:29:48.432Z] {"type":"server_created","server_id":129405807,"user_id":"1733663542","datacenter":"hetzner","password_provided":true}
[2026-05-06T08:34:40.543Z] {"type":"server_deleted","server_id":"129405807","user_id":"1733663542","datacenter":"hetzner"}
[2026-05-06T08:46:36.339Z] {"type":"server_created","server_id":129409051,"user_id":"1733663542","datacenter":"hetzner","password_provided":true}
[2026-05-06T09:06:32.855Z] {"type":"server_deleted","server_id":"129409051","user_id":"1733663542","datacenter":"hetzner"}
[2026-05-06T09:06:49.523Z] {"type":"server_created","server_id":129412581,"user_id":"1733663542","datacenter":"hetzner","password_provided":true}
[2026-05-06T09:20:15.051Z] {"type":"server_deleted","server_id":"129412581","user_id":"1733663542","datacenter":"hetzner"}
[2026-05-06T11:03:59.293Z] {"type":"server_created","server_id":129432767,"user_id":"1733663542","datacenter":"hetzner","password_provided":true}
[2026-05-06T11:38:11.492Z] {"type":"server_deleted","server_id":"129432767","user_id":"1733663542","datacenter":"hetzner"}
[2026-05-06T11:38:52.699Z] {"type":"server_created","server_id":129439537,"user_id":"1733663542","datacenter":"hetzner","password_provided":true}
[2026-05-06T11:54:32.927Z] {"type":"server_deleted","server_id":"129439537","user_id":"1733663542","datacenter":"hetzner"}
[2026-05-06T11:54:41.733Z] {"type":"server_created","server_id":129442306,"user_id":"1733663542","datacenter":"hetzner","password_provided":true}
[2026-05-06T12:25:13.807Z] {"type":"server_deleted","server_id":"129442306","user_id":"1733663542","datacenter":"hetzner"}
[2026-05-06T12:36:49.381Z] {"type":"server_created","server_id":129450712,"user_id":"1733663542","datacenter":"hetzner","password_provided":true}
[2026-05-07T05:50:52.268Z] {"type":"server_created","server_id":129651704,"user_id":"154372790","datacenter":"hetzner","password_provided":true}
[2026-05-07T05:54:42.686Z] {"type":"server_created","server_id":129652316,"user_id":"154372790","datacenter":"hetzner","password_provided":true}
[2026-05-07T05:58:38.199Z] {"type":"server_deleted","server_id":"129651704","user_id":"154372790","datacenter":"hetzner"}
[2026-05-07T06:03:40.482Z] {"type":"server_deleted","server_id":"129652316","user_id":"154372790","datacenter":"hetzner"}
[2026-05-08T08:11:36.581Z] {"type":"server_created","server_id":129914382,"user_id":"716167338","datacenter":"hetzner","password_provided":true}
[2026-05-08T08:12:09.624Z] {"type":"server_deleted","server_id":"129914382","user_id":"716167338","datacenter":"hetzner"}
[2026-05-08T17:22:25.733Z] {"type":"server_created","server_id":129986168,"user_id":"401925839","datacenter":"hetzner","password_provided":true}
[2026-05-08T17:29:05.353Z] {"type":"server_created","server_id":129986841,"user_id":"401925839","datacenter":"hetzner","password_provided":true}
[2026-05-08T17:31:12.315Z] {"type":"server_deleted","server_id":"129986168","user_id":"401925839","datacenter":"hetzner"}
[2026-05-08T17:31:27.069Z] {"type":"server_created","server_id":129987098,"user_id":"401925839","datacenter":"hetzner","password_provided":true}
[2026-05-08T17:31:43.036Z] {"type":"server_created","server_id":129987120,"user_id":"401925839","datacenter":"hetzner","password_provided":true}
[2026-05-08T17:32:30.274Z] {"type":"server_created","server_id":129987207,"user_id":"401925839","datacenter":"hetzner","password_provided":true}
[2026-05-08T17:33:07.477Z] {"type":"server_created","server_id":129987252,"user_id":"401925839","datacenter":"hetzner","password_provided":true}
[2026-05-08T17:33:36.862Z] {"type":"server_created","server_id":129987279,"user_id":"401925839","datacenter":"hetzner","password_provided":true}
[2026-05-08T17:34:21.475Z] {"type":"server_created","server_id":129987383,"user_id":"401925839","datacenter":"hetzner","password_provided":true}
[2026-05-08T17:38:17.813Z] {"type":"server_created","server_id":129987758,"user_id":"401925839","datacenter":"hetzner","password_provided":true}
[2026-05-08T17:39:19.740Z] {"type":"server_created","server_id":129987802,"user_id":"401925839","datacenter":"hetzner","password_provided":true}
[2026-05-08T17:40:14.871Z] {"type":"server_created","server_id":129987874,"user_id":"401925839","datacenter":"hetzner","password_provided":true}
[2026-05-08T17:41:40.206Z] {"type":"server_created","server_id":129987940,"user_id":"401925839","datacenter":"hetzner","password_provided":true}
[2026-05-08T17:42:39.045Z] {"type":"server_created","server_id":129988019,"user_id":"401925839","datacenter":"hetzner","password_provided":true}
[2026-05-08T17:46:21.648Z] {"type":"server_deleted","server_id":"129986841","user_id":"401925839","datacenter":"hetzner"}
[2026-05-08T17:46:28.318Z] {"type":"server_deleted","server_id":"129987098","user_id":"401925839","datacenter":"hetzner"}
[2026-05-08T17:46:35.487Z] {"type":"server_deleted","server_id":"129987120","user_id":"401925839","datacenter":"hetzner"}
[2026-05-08T17:46:41.428Z] {"type":"server_deleted","server_id":"129987207","user_id":"401925839","datacenter":"hetzner"}
[2026-05-08T17:46:53.055Z] {"type":"server_deleted","server_id":"129987252","user_id":"401925839","datacenter":"hetzner"}
[2026-05-08T17:47:06.996Z] {"type":"server_deleted","server_id":"129987279","user_id":"401925839","datacenter":"hetzner"}
[2026-05-08T17:47:14.817Z] {"type":"server_deleted","server_id":"129987383","user_id":"401925839","datacenter":"hetzner"}
[2026-05-08T17:47:46.659Z] {"type":"server_deleted","server_id":"129987758","user_id":"401925839","datacenter":"hetzner"}
[2026-05-08T19:13:18.057Z] {"type":"server_deleted","server_id":"129987802","user_id":"401925839","datacenter":"hetzner"}
[2026-05-08T19:14:09.949Z] {"type":"server_deleted","server_id":"129987874","user_id":"401925839","datacenter":"hetzner"}
[2026-05-08T19:14:41.440Z] {"type":"server_deleted","server_id":"129987940","user_id":"401925839","datacenter":"hetzner"}
[2026-05-08T19:14:47.198Z] {"type":"server_deleted","server_id":"129988019","user_id":"401925839","datacenter":"hetzner"}
[2026-05-09T05:19:23.338Z] {"type":"server_created","server_id":130073522,"user_id":"6945056015","datacenter":"hetzner","password_provided":true}
[2026-05-10T08:35:42.587Z] {"type":"server_created","server_id":130230206,"user_id":"321418866","datacenter":"hetzner","password_provided":true}
[2026-05-11T15:22:54.591Z] {"type":"server_created","server_id":130438605,"user_id":"318685315","datacenter":"hetzner","password_provided":true}
[2026-05-13T09:27:07.236Z] {"type":"server_created","server_id":130764707,"user_id":"7502494641","datacenter":"hetzner","password_provided":true}
[2026-05-13T09:29:53.851Z] {"type":"server_created","server_id":130765058,"user_id":"7502494641","datacenter":"hetzner","password_provided":true}
[2026-05-13T19:02:21.228Z] {"type":"server_created","server_id":130842557,"user_id":"401925839","datacenter":"hetzner","password_provided":true}
[2026-05-13T21:18:35.743Z] {"type":"server_deleted","server_id":"130842557","user_id":"401925839","datacenter":"hetzner"}
[2026-05-15T17:28:59.437Z] {"type":"server_deleted","server_id":"129450712","user_id":"1733663542","datacenter":"hetzner"}
[2026-05-15T17:41:58.364Z] {"type":"server_created","server_id":131187559,"user_id":"1733663542","datacenter":"hetzner","password_provided":true}
[2026-05-22T08:41:40.082Z] {"type":"server_created","server_id":132357210,"user_id":"716167338","datacenter":"hetzner","password_provided":true}
[2026-05-24T15:09:00.958Z] {"type":"server_deleted","server_id":"129204475","user_id":"485683928","datacenter":"hetzner"}
[2026-05-25T13:48:52.302Z] {"type":"server_created","server_id":132900079,"user_id":"401925839","datacenter":"hetzner","password_provided":true}
[2026-05-26T14:29:12.870Z] {"type":"server_created","server_id":133159739,"user_id":"5083039930","datacenter":"hetzner","password_provided":true}
[2026-05-29T16:28:14.954Z] {"type":"server_created","server_id":134007443,"user_id":"321418866","datacenter":"hetzner","password_provided":true}
[2026-05-29T16:29:24.921Z] {"type":"server_deleted","server_id":"134007443","user_id":"321418866","datacenter":"hetzner"}
[2026-05-30T00:08:59.625Z] {"type":"server_created","server_id":134111183,"user_id":"5083039930","datacenter":"hetzner","password_provided":true}
[2026-05-30T00:52:32.690Z] {"type":"server_deleted","server_id":"134111183","user_id":"5083039930","datacenter":"hetzner"}
[2026-05-30T03:30:43.906Z] {"type":"server_created","server_id":134155027,"user_id":"485683928","datacenter":"hetzner","password_provided":true}
[2026-05-30T06:43:31.157Z] {"type":"server_deleted","server_id":"134155027","user_id":"485683928","datacenter":"hetzner"}
[2026-05-30T23:08:34.175Z] {"type":"server_created","server_id":134439880,"user_id":"318685315","datacenter":"hetzner","password_provided":true}
[2026-05-30T23:13:48.866Z] {"type":"server_deleted","server_id":"134439880","user_id":"318685315","datacenter":"hetzner"}
[2026-05-30T23:23:27.596Z] {"type":"server_created","server_id":134443833,"user_id":"138279367","datacenter":"hetzner","password_provided":true}
[2026-06-02T21:20:33.410Z] {"type":"server_created","server_id":135684104,"user_id":"318685315","datacenter":"hetzner","password_provided":true}
[2026-06-02T22:22:38.630Z] {"type":"server_deleted","server_id":"135684104","user_id":"318685315","datacenter":"hetzner"}
[2026-06-02T22:22:58.117Z] {"type":"server_created","server_id":135700819,"user_id":"318685315","datacenter":"hetzner","password_provided":true}
[2026-06-02T22:23:25.758Z] {"type":"server_created","server_id":135700937,"user_id":"318685315","datacenter":"hetzner","password_provided":true}
[2026-06-02T22:40:48.570Z] {"type":"server_deleted","server_id":"135700819","user_id":"318685315","datacenter":"hetzner"}
[2026-06-02T23:33:46.789Z] {"type":"server_deleted","server_id":"135700937","user_id":"318685315","datacenter":"hetzner"}
[2026-06-03T13:56:21.891Z] {"type":"server_created","server_id":135960320,"user_id":"318685315","datacenter":"hetzner","password_provided":true}
[2026-06-03T14:39:20.648Z] {"type":"server_deleted","server_id":"135960320","user_id":"318685315","datacenter":"hetzner"}
[2026-06-04T11:23:45.114Z] {"type":"server_created","server_id":136411582,"user_id":"1393067543","datacenter":"hetzner","password_provided":true}
[2026-06-04T11:32:46.443Z] {"type":"server_deleted","server_id":"121309841","user_id":"1393067543","datacenter":"hetzner"}
[2026-06-04T11:35:10.312Z] {"type":"server_created","server_id":136415538,"user_id":"1393067543","datacenter":"hetzner","password_provided":true}
[2026-06-04T11:35:17.945Z] {"type":"server_created","server_id":136415562,"user_id":"1393067543","datacenter":"hetzner","password_provided":true}
[2026-06-04T11:35:25.536Z] {"type":"server_created","server_id":136415596,"user_id":"1393067543","datacenter":"hetzner","password_provided":true}
[2026-06-04T11:36:11.080Z] {"type":"server_created","server_id":136415823,"user_id":"1393067543","datacenter":"hetzner","password_provided":true}
[2026-06-04T11:40:35.107Z] {"type":"server_created","server_id":136417313,"user_id":"1393067543","datacenter":"hetzner","password_provided":true}
[2026-06-04T11:40:41.989Z] {"type":"server_created","server_id":136417347,"user_id":"1393067543","datacenter":"hetzner","password_provided":true}
[2026-06-04T11:40:49.207Z] {"type":"server_created","server_id":136417382,"user_id":"1393067543","datacenter":"hetzner","password_provided":true}
[2026-06-04T11:59:51.606Z] {"type":"server_created","server_id":136424034,"user_id":"1393067543","datacenter":"hetzner","password_provided":true}
[2026-06-04T12:00:03.689Z] {"type":"server_created","server_id":136424129,"user_id":"1393067543","datacenter":"hetzner","password_provided":true}
[2026-06-04T12:00:20.183Z] {"type":"server_created","server_id":136424183,"user_id":"1393067543","datacenter":"hetzner","password_provided":true}
[2026-06-04T12:00:50.216Z] {"type":"server_created","server_id":136424380,"user_id":"1393067543","datacenter":"hetzner","password_provided":true}
[2026-06-04T12:05:58.710Z] {"type":"server_deleted","server_id":"136411582","user_id":"1393067543","datacenter":"hetzner"}
[2026-06-04T12:06:04.217Z] {"type":"server_deleted","server_id":"136415538","user_id":"1393067543","datacenter":"hetzner"}
[2026-06-04T12:06:12.939Z] {"type":"server_deleted","server_id":"136415562","user_id":"1393067543","datacenter":"hetzner"}
[2026-06-04T12:32:46.784Z] {"type":"server_deleted","server_id":"136415596","user_id":"1393067543","datacenter":"hetzner"}
[2026-06-04T12:32:51.621Z] {"type":"server_deleted","server_id":"136415823","user_id":"1393067543","datacenter":"hetzner"}
[2026-06-04T23:41:19.973Z] {"type":"server_deleted","server_id":"136417347","user_id":"1393067543","datacenter":"hetzner"}
[2026-06-04T23:41:25.026Z] {"type":"server_deleted","server_id":"136417382","user_id":"1393067543","datacenter":"hetzner"}
[2026-06-04T23:44:14.941Z] {"type":"server_deleted","server_id":"136424034","user_id":"1393067543","datacenter":"hetzner"}
[2026-06-04T23:44:27.939Z] {"type":"server_deleted","server_id":"136424129","user_id":"1393067543","datacenter":"hetzner"}
[2026-06-04T23:47:24.689Z] {"type":"server_deleted","server_id":"136424183","user_id":"1393067543","datacenter":"hetzner"}
[2026-06-10T01:04:31.057Z] {"type":"server_created","server_id":138889162,"user_id":"138279367","datacenter":"hetzner","password_provided":true}
[2026-06-14T02:29:47.525Z] {"type":"server_created","server_id":140903602,"user_id":"1393067543","datacenter":"hetzner","password_provided":true}
[2026-06-14T08:53:21.607Z] {"type":"server_created","server_id":"b1e6f6c9-fc47-4bbf-9384-a63b4d2aa95f","user_id":"316244055","datacenter":"afracloud","password_provided":false}
[2026-06-14T09:21:48.779Z] {"type":"server_deleted","server_id":"b1e6f6c9-fc47-4bbf-9384-a63b4d2aa95f","user_id":"316244055","datacenter":"afracloud"}
[2026-06-16T14:31:29.126Z] {"type":"server_created","server_id":142064961,"user_id":"318685315","datacenter":"hetzner","password_provided":true}
[2026-06-16T14:36:42.896Z] {"type":"server_created","server_id":"19e7e3fc-cab6-4134-a5b9-1fd0f5aeb9c6","user_id":"318685315","datacenter":"afracloud","password_provided":false}
[2026-06-16T15:53:24.351Z] {"type":"server_deleted","server_id":"142064961","user_id":"318685315","datacenter":"hetzner"}
[2026-06-16T15:53:41.433Z] {"type":"server_deleted","server_id":"19e7e3fc-cab6-4134-a5b9-1fd0f5aeb9c6","user_id":"318685315","datacenter":"afracloud"}
[2026-06-16T17:23:58.456Z] {"type":"server_created","server_id":142106782,"user_id":"318685315","datacenter":"hetzner","password_provided":true}
[2026-06-16T21:19:24.584Z] {"type":"server_deleted","server_id":"142106782","user_id":"318685315","datacenter":"hetzner"}
[2026-06-16T21:20:37.002Z] {"type":"server_created","server_id":142161027,"user_id":"318685315","datacenter":"hetzner","password_provided":true}
[2026-06-16T23:24:30.348Z] {"type":"server_deleted","server_id":"142161027","user_id":"318685315","datacenter":"hetzner"}
[2026-06-16T23:24:47.068Z] {"type":"server_created","server_id":142188438,"user_id":"318685315","datacenter":"hetzner","password_provided":true}
[2026-06-19T08:21:58.850Z] {"type":"server_created","server_id":"f5adeef9-0670-45d6-9595-9de403db752c","user_id":"5083039930","datacenter":"afracloud","password_provided":false}
[2026-06-19T09:36:10.388Z] {"type":"server_deleted","server_id":"142188438","user_id":"318685315","datacenter":"hetzner"}
[2026-06-19T23:40:39.776Z] {"type":"server_created","server_id":143140588,"user_id":"1393067543","datacenter":"hetzner","password_provided":true}
[2026-06-19T23:42:18.742Z] {"type":"server_created","server_id":"de82a55b-96e7-4b2e-bd9a-28bdc211a9f8","user_id":"1393067543","datacenter":"afracloud","password_provided":false}
[2026-06-19T23:42:44.096Z] {"type":"server_deleted","server_id":"143140588","user_id":"1393067543","datacenter":"hetzner"}
[2026-06-20T19:06:55.624Z] {"type":"server_deleted","server_id":"e839d276-dc98-4870-a476-514eed4b1fee","user_id":"223974653","datacenter":"tebyan"}
[2026-06-20T19:07:03.062Z] {"type":"server_deleted","server_id":"9f959ead-c5be-4279-9c60-2f28e5c4eaa6","user_id":"223974653","datacenter":"tebyan"}
[2026-06-21T01:50:44.168Z] {"type":"test_server_created","server_id":"ea29056a-8ba2-4b9a-8e35-717e35290f1f","user_id":"110704277","datacenter":"tebyan"}
[2026-06-21T12:21:59.481Z] {"type":"test_server_created","server_id":"2c9eb8ea-d387-42ee-a263-efe37efda0de","user_id":"7781565449","datacenter":"tebyan"}
